hcdr1,hcdr2,hcdr3,lcdr1,lcdr2,lcdr3,ce_loss_independent_hcdr1,ce_loss_independent_hcdr2,ce_loss_independent_hcdr3,ce_loss_independent_lcdr1,ce_loss_independent_lcdr2,ce_loss_independent_lcdr3
GFNIKDTY,IYPSNGYT,ATEYGYGFYAMDY,QNVSTA,SAS,QQFYTIPPT,0.0912,0.3713,0.6111,0.7065,0.0059,0.4875
GFNIKDTY,IYPSDGYT,ATRYGTYYYAMDY,QDVNTA,SAS,QQYYTFPPT,0.0912,0.3838,0.7228,0.5112,0.0059,0.2757
GFNIKDTY,VYPEDGYT,ATEGGSYFFAMDY,QDVNTA,SAS,QQFYTLPPT,0.0912,0.5925,0.6928,0.5112,0.0059,0.398
GFNIKDTT,IYPENGYT,ATEGGDYFYAMDY,QSVNTA,SAS,QQYYTLPPT,0.4274,0.3719,0.6812,0.3574,0.0059,0.2874
GFNIKDTY,IYPEDGYT,ATEYGSSFYAMDY,QSVNTA,SAS,QQYYTLPPT,0.0912,0.3844,0.513,0.3574,0.0059,0.2874
GFNIKDTY,IYPENGYT,ATEGGSYYYAMDY,QDVNTA,SAS,QQYYTTPPT,0.0912,0.3719,0.6511,0.5112,0.0059,0.2565
GFNIKDTY,IYPENGYT,ATEYGYYFYAMDY,QSVNTA,SAS,QQYNTTPPT,0.0912,0.3719,0.5782,0.3574,0.0059,0.441
GFNIKDTY,IYPENGYT,ATEYGYYFYAMDY,QDVNTA,SAS,QQYYTTPPT,0.0912,0.3719,0.5782,0.5112,0.0059,0.2565
GFNIKDTY,IYPTDGYT,ATESGGYFYAMDY,QDVNTA,SAS,QQYYTFPPT,0.0912,0.3148,0.8148,0.5112,0.0059,0.2757
GFNIKDTY,IYPEDGYT,ATEYGYYYFAMDY,QSVNTA,SAS,QQYYTLPPT,0.0912,0.3844,0.7466,0.3574,0.0059,0.2874
GFNIKDTY,IYPTNGYT,ATELGPYFFAMDY,QSVNSA,SAS,QQYYTLPPT,0.0912,0.3023,0.8,0.4755,0.0059,0.2874
GFNIKDTY,IYPTDGYT,ATEGGDYFYAMDY,QDVNSA,SAS,QQYNTTPPT,0.0912,0.3148,0.6812,0.6293,0.0059,0.441
GFNIKDTY,IYPENGYT,ATEYGSSFYAMDY,QSVNTA,SAS,QQYYTTPPT,0.0912,0.3719,0.513,0.3574,0.0059,0.2565
GFNIKDTY,IYPENGYT,ATTYGSYFYAMDY,QSVSSA,SAS,QQFYTLPPT,0.0912,0.3719,0.6131,0.5206,0.0059,0.398
GFNIKDTY,IYPENGYT,ATEYGRYFFAMDY,QSVNSA,SAS,QQYYTFPPT,0.0912,0.3719,0.7031,0.4755,0.0059,0.2757
GFNIKDTY,IYPENGYT,AREYGSYFYAMDY,QDVNTA,SAS,QQYNTFPPT,0.0912,0.3719,0.5225,0.5112,0.0059,0.4602
GFNIKDTY,IYPTNGYT,ATEYGSYFYAMDY,QDVSTA,SAS,QQYYTFPPT,0.0912,0.3023,0.5279,0.5564,0.0059,0.2757
GFNIKDTY,IYPTDGYT,ATRYGDAFYAMDY,QSVSTA,SAS,QQYYTFPPT,0.0912,0.3148,0.7267,0.4025,0.0059,0.2757
GFNIKDTY,IYPENGYT,ATEFGSAFYAMDY,QSVNTA,SAS,QQFYTFPPT,0.0912,0.3719,0.7677,0.3574,0.0059,0.3863
GFNIKDTY,IYPSNGYT,ATEYGSYFYAMDY,QDVNTA,SAS,QQFNTTPPT,0.0912,0.3713,0.5279,0.5112,0.0059,0.5516
GFNIKDTY,IYPTNGYT,ATRLGDSFYAMDF,QDVSSA,SAS,QQYYTFPPT,0.0912,0.3023,1.028,0.6745,0.0059,0.2757
GFNIKDTY,IYPTNGYT,ATEGGFWFFAMDY,QDVSTA,SAS,QQFYTFPPT,0.0912,0.3023,0.9623,0.5564,0.0059,0.3863
GFNIKDTW,IYPSNGYT,ATEYGSYFYAMDY,QDVNSA,SAS,QQFYTLPPT,0.2274,0.3713,0.5279,0.6293,0.0059,0.398
GFNIKDTY,IYPTDGYT,ATEYGSYFYAMDY,QDVSSA,SAS,QQYYTFPPT,0.0912,0.3148,0.5279,0.6745,0.0059,0.2757
GFNIKDTY,IYPENGYT,ATEYGSSFFAMDY,QSVSTA,SAS,QQYYTTPPT,0.0912,0.3719,0.6179,0.4025,0.0059,0.2565
GFNIKDTY,IYPTNGYT,ATEGGSYFFAMDY,QDVNTA,SAS,QQYYTFPPT,0.0912,0.3023,0.6928,0.5112,0.0059,0.2757
GFNIKDTY,IYPEDGYT,ATEYGRYYYAMDY,QSVSTA,SAS,QQYYTFPPT,0.0912,0.3844,0.6615,0.4025,0.0059,0.2757
GFNIKDTY,IYPTNGYT,ATTYGGYFYAMDY,QSVNSA,SAS,QQYYTFPPT,0.0912,0.3023,0.6925,0.4755,0.0059,0.2757
GFNIKDTY,IYPENGYT,ATFGGDYFFAMDY,QDVNSA,SAS,QQYYTTPPT,0.0912,0.3719,0.9589,0.6293,0.0059,0.2565
GFNIKDTY,IYPTNGYT,ATEGGSYFYAMDY,QSVSSA,SAS,QQYYTFPPT,0.0912,0.3023,0.5878,0.5206,0.0059,0.2757
GFNIKDTY,IYPTDGYT,ATEGGYYYFAMDY,QSVSSA,SAS,QQFYTFPPT,0.0912,0.3148,0.8065,0.5206,0.0059,0.3863
GFNIKDTY,IYPENGYT,ATEYGRSFYAMDY,QSVNTA,SAS,QQFYTLPPT,0.0912,0.3719,0.5832,0.3574,0.0059,0.398
GFNIKDTY,IYPENGYT,ATEYGTYFFAMDY,QSVNTA,SAS,QQFYTLPPT,0.0912,0.3719,0.687,0.3574,0.0059,0.398
GFNIKDTY,IYPSNGYT,ATEYGGYFFAMDY,QSVNSA,SAS,QQYYTIPPT,0.0912,0.3713,0.7122,0.4755,0.0059,0.3769
GFNIKDTY,IYPTNGYT,ATELGSYFYAMDY,QSVSTA,SAS,QQYFTFPPT,0.0912,0.3023,0.6041,0.4025,0.0059,0.6802
GFNIKDTY,IYPEDGYT,ATEYGSGFYAMDY,QSVSTA,SAS,QQFYTLPPT,0.0912,0.3844,0.5608,0.4025,0.0059,0.398
GFNIKDTY,IYPSNGYT,ATEYGSYYYAMDY,QDVNTA,SAS,QQFYTFPPT,0.0912,0.3713,0.5913,0.5112,0.0059,0.3863
GFNIKDTY,IYPEDGYT,ATEGGPYYYAMDY,QDVNTA,SAS,QQYYTTPPT,0.0912,0.3844,0.7421,0.5112,0.0059,0.2565
GFNIKDTY,IYPENGYT,ATTYGPAYFAMDY,QDVNTA,SAS,QQFYTFPPT,0.0912,0.3719,0.9004,0.5112,0.0059,0.3863
GFNIKDTW,IYPENGYT,ATDYGAAYYAMDY,QSVNSA,SAS,QQFYTTPPT,0.2274,0.3719,0.8496,0.4755,0.0059,0.3671
GFNIKDTY,IYPTNGYT,AREYGSGYYAMDY,QDVNTA,SAS,QQYYTFPPT,0.0912,0.3023,0.6187,0.5112,0.0059,0.2757
GFNIKDTY,IYPTDGYT,ATEYGNNFYAMDY,QSVNTA,SAS,QQYYTLPPT,0.0912,0.3148,0.8135,0.3574,0.0059,0.2874
GFNIKDTY,IYPTNGYT,ATEYGPYYFAMDY,QDVSTA,SAS,QQYYTLPPT,0.0912,0.3023,0.7872,0.5564,0.0059,0.2874
GFNISDTY,IYPTNGYT,ATEYGWYFYAMDY,QDVNTA,SAS,QQYYTLPPT,0.7073,0.3023,0.6609,0.5112,0.0059,0.2874
GFNIKDTY,IYPSNGYT,ATDYGSYFYAMDY,QSVVTA,SAS,QQYYTLPPT,0.0912,0.3713,0.6271,0.7522,0.0059,0.2874
GFNIKDTY,IYPTDGYT,ATEYGGYFYAMDY,QDVSTA,SAS,QQYYTFPPT,0.0912,0.3148,0.6072,0.5564,0.0059,0.2757
GFNIKDTY,IYPTNGYT,ATEYGTSYYAMDY,QDVSTA,SAS,QQYYTFPPT,0.0912,0.3023,0.6304,0.5564,0.0059,0.2757
GFNIKDTY,IYPENGYT,ATEYGGYFYAMDY,QDVNSA,SAS,QQYYTLPPT,0.0912,0.3719,0.6072,0.6293,0.0059,0.2874
GFNIKDTY,IYPTDGYT,ATEYGAYFFAMDY,QDVSTA,SAS,QQYYTTPPT,0.0912,0.3148,0.7641,0.5564,0.0059,0.2565
GFNIKDTY,IYPSNGYT,ATEYGSGFYAMDY,QDVNTA,SAS,QQYYTLPPT,0.0912,0.3713,0.5608,0.5112,0.0059,0.2874
GFNIKDTY,IYPENGYT,ATRGGYYYYAMDY,QSVYTA,SAS,QQYYTTPPT,0.0912,0.3719,0.7789,0.7362,0.0059,0.2565
GFNIKDTY,IYPENGYT,ATEYGGYFYAMDY,QSVSTA,SAS,QQHYTFPPT,0.0912,0.3719,0.6072,0.4025,0.0059,0.5041
GFNIKDTY,IYPENGYT,ATEYGSYFYAMDY,QSVNTA,SAS,QQFYTVPPT,0.0912,0.3719,0.5279,0.3574,0.0059,0.5635
GFNIKDTY,IYPENGYT,ATLYGSYFYAMDY,QGVSTA,SAS,QQYYTTPPT,0.0912,0.3719,0.6181,0.5993,0.0059,0.2565
GFNIKDTY,IYPTDGYT,ATDYGSYFYAMDY,QDVSSA,SAS,QQYNTLPPT,0.0912,0.3148,0.6271,0.6745,0.0059,0.472
GFNIKDTY,VYPEDGYT,ATEYGSYFFAMDY,QDVSSA,SAS,QQYYTLPPT,0.0912,0.5925,0.6329,0.6745,0.0059,0.2874
GFNIKDTY,IYPANGYT,ATEGGSYFYAMDY,QSVNTA,SAS,QQYYTLPPT,0.0912,0.472,0.5878,0.3574,0.0059,0.2874
GFNIKDTY,IYPENGYT,ATEYGYYFYAMDY,QDVNSA,SAS,QQYYTLPPT,0.0912,0.3719,0.5782,0.6293,0.0059,0.2874
GFNIKDTY,IYPTNGYT,ATEYGSGYYAMDY,QGVSTA,SAS,QQYYTLPPT,0.0912,0.3023,0.6241,0.5993,0.0059,0.2874
GFNIKDTY,IYPTDGYT,ATEYGYYFYAMDY,QDVNTA,SAS,QQYYTLPPT,0.0912,0.3148,0.5782,0.5112,0.0059,0.2874
GFNIKDTY,IYPEDGYT,ATEYGYYYFAMDY,QSVNTA,SAS,QQYNTFPPT,0.0912,0.3844,0.7466,0.3574,0.0059,0.4602
GFNIKDTY,IYPTDGYT,ATDGGPGFYAMDY,QSVSSA,SAS,QQFYTFPPT,0.0912,0.3148,0.8108,0.5206,0.0059,0.3863
GFNIKDTY,IYPANGYT,ATEGGFYFFAMDY,QDVNSA,SAS,QQFNTFPPT,0.0912,0.472,0.7993,0.6293,0.0059,0.5708
GFNIKDTY,IYPTNGYT,ATELGRYFYAMDY,QSVNTA,SAS,QQFYTLPPT,0.0912,0.3023,0.6743,0.3574,0.0059,0.398
GFNIKDTS,IYPTNGYT,ATEYGGYYFAMDY,QDVNSA,SAS,QQYYTTPPT,0.3662,0.3023,0.7756,0.6293,0.0059,0.2565
GFNIKDTY,IYPADGYT,ATEYGLYFYAMDY,QSVNTA,SAS,QQYYTLPPT,0.0912,0.4846,0.6497,0.3574,0.0059,0.2874
GFNIKDTY,IYPENGYT,ATDGGSYDYAMDY,QDVSSA,SAS,QQYYTFPPT,0.0912,0.3719,1.007,0.6745,0.0059,0.2757
GFNIKDTY,IYPENGYT,ATEGGTYYYAMDY,QDVNTA,SAS,QQFYTIPPT,0.0912,0.3719,0.7052,0.5112,0.0059,0.4875
GFNIKDTW,IYPENGYT,ARTYGGAFYAMDY,QSVNTA,SAS,QQYYTLPPT,0.2274,0.3719,0.715,0.3574,0.0059,0.2874
GFNIKDTY,IYPTNGYT,ATEGGGAYYAMDY,QDVSTA,SAS,QQYYTIPPT,0.0912,0.3023,0.7584,0.5564,0.0059,0.3769
GFNIKDTY,IYPEDGYT,ATRYGYYFYAMDY,QDVNTA,SAS,QQYYTFPPT,0.0912,0.3844,0.6557,0.5112,0.0059,0.2757
GFNIKDTY,IYPENGYT,ATEYGDGFFAMDY,QSVSTA,SAS,QQYYTLPPT,0.0912,0.3719,0.7592,0.4025,0.0059,0.2874
GFNIKDTY,IDPSNGYT,AREDGDYFYAMDY,QSVNTA,SAS,QQFYTFPPT,0.0912,0.7123,0.8632,0.3574,0.0059,0.3863
GFNIKDTY,IYPTNGYT,ATEGGPYFYAMDY,QDVNTA,SAS,QQYYTFPPT,0.0912,0.3023,0.6787,0.5112,0.0059,0.2757
GFNIKDTY,IYPTDGYT,ATEYGSYYYAMDY,QSVNTA,SAS,QQYYSFPPT,0.0912,0.3148,0.5913,0.3574,0.0059,0.4911
GFNIKDTY,IYPTNGYT,ATEGGDAFYAMDY,QSVNTA,SAS,QQYYTTPPT,0.0912,0.3023,0.7092,0.3574,0.0059,0.2565
GFNIKDTY,IYPSNGYT,ATEYGPYFYAMDY,QSVNTA,SAS,QQYYTTPPT,0.0912,0.3713,0.6188,0.3574,0.0059,0.2565
GFNIKDTY,IYPTDGYT,ATEGGPYFYAMDY,QDVSTA,SAS,QQFYTTPPT,0.0912,0.3148,0.6787,0.5564,0.0059,0.3671
GFNIKDTY,VYPSNGYT,ATKYGYYFYAMDY,QDVNTA,SAS,QQYYTLPPT,0.0912,0.5794,0.8391,0.5112,0.0059,0.2874
GFNIKDTY,IYPENGYT,ATELGPYFYAMDY,QSVSSA,SAS,QQYYTLPPT,0.0912,0.3719,0.695,0.5206,0.0059,0.2874
GFNIKDTY,IYPTNGYT,ATEGGYYFYAMDY,QDVNTA,SAS,QQYYTLPPT,0.0912,0.3023,0.6381,0.5112,0.0059,0.2874
GFNIKDTY,IYPTNGYT,ATEYGRYFFAMDY,QDVSSA,SAS,QQYYTLPPT,0.0912,0.3023,0.7031,0.6745,0.0059,0.2874
GFNIKDTY,IYPSNGYT,ATEGGEFFYAMDY,QSVSSA,SAS,QQFYTLPPT,0.0912,0.3713,0.9471,0.5206,0.0059,0.398
GFNIKDTY,IYPSNGYT,ATDGGIYYFAMDY,QDVNTA,SAS,QQYYTFPPT,0.0912,0.3713,1.0666,0.5112,0.0059,0.2757
GFNIKDTY,IYPTDGYT,ATEGGRYFYAMDY,QDVSTA,SAS,QQHYTLPPT,0.0912,0.3148,0.658,0.5564,0.0059,0.5158
GFNIKDTY,IYPENGYT,ATEYGSYFYAMDY,QSVSTA,SAS,QQYYTLPPT,0.0912,0.3719,0.5279,0.4025,0.0059,0.2874
GFNIKDTY,IYPTDGYT,ATEYGGYFYAMDY,QNVSTA,SAS,QQYYTLPPT,0.0912,0.3148,0.6072,0.7065,0.0059,0.2874
GFNIKDTY,IYPEDGYT,ATEYGNWFYAMDY,QSVNTA,SAS,QQFYTFPPT,0.0912,0.3844,0.8037,0.3574,0.0059,0.3863
GFNIKDTY,VYPSNGYT,ATEGGTAFYAMDY,QSVSSA,SAS,QQYYTLPPT,0.0912,0.5794,0.6698,0.5206,0.0059,0.2874
GFNIKDTY,IYPENGYT,ATEYGTAFYAMDY,QNVSSA,SAS,QQYYTLPPT,0.0912,0.3719,0.6099,0.8246,0.0059,0.2874
GFNIKDTY,IYPTNGYT,ATEGGSYFYAMDY,QGVNTA,SAS,QQFHTWPPT,0.0912,0.3023,0.5878,0.5541,0.0059,0.7925
GFNIKDTY,IYPENGYT,ATEYGGYFYAMDY,QSVNSA,SAS,QQYYTTPPT,0.0912,0.3719,0.6072,0.4755,0.0059,0.2565
GFNIKDTY,IYPEDGYT,ATEYGDYFYAMDY,QDVNTA,SAS,QQYYTTPPT,0.0912,0.3844,0.6213,0.5112,0.0059,0.2565
GFNIKDTY,IYPTNGYT,ATEGGNYFYAMDY,QSVNTA,SAS,QQYYTIPPT,0.0912,0.3023,0.7006,0.3574,0.0059,0.3769
GFNIKDTY,VYPENGYT,ATEGGSAFYAMDY,QSVSSA,SAS,QQYYTLPPT,0.0912,0.58,0.6157,0.5206,0.0059,0.2874
GFNIKDTY,IYPEDGYT,ATEYGDYFFAMDY,QGVNTA,SAS,QQYYTLPPT,0.0912,0.3844,0.7263,0.5541,0.0059,0.2874
GFNIKDTY,IYPENGYT,ATEGGYYFYAMDY,QSVSSA,SAS,QQYYTLPPT,0.0912,0.3719,0.6381,0.5206,0.0059,0.2874
GFNIKDTY,IYPTDGYT,ATEYGSAFYAMDY,QDVSSA,SAS,QQYYTFPPT,0.0912,0.3148,0.5558,0.6745,0.0059,0.2757
GFNIKDTY,IYPEFGYT,ATEYGSYYYAMDY,QSVNTA,SAS,QQYYTIPPT,0.0912,1.0632,0.5913,0.3574,0.0059,0.3769
GFNIKDTY,IYPEDGYT,ATEYGGYFYAMDY,QSVTTA,SAS,QQYYTTPPT,0.0912,0.3844,0.6072,0.6878,0.0059,0.2565
GFNIKDTY,IYPSDGYT,ATEGGYSFYAMDY,QSVNTA,SAS,QQYYTWPPT,0.0912,0.3838,0.6232,0.3574,0.0059,0.4354
GFNIKDTY,IYPEDGYT,ATEGGSGFYAMDY,QDVNTA,SAS,QQHYSLPPT,0.0912,0.3844,0.6207,0.5112,0.0059,0.7312
GFNIKDTY,IYPSDGYT,ATEYGYSFYAMDY,QDVNTA,SAS,QQYYTFPPT,0.0912,0.3838,0.5633,0.5112,0.0059,0.2757
GFNIKDTY,IYPTNGYT,ATEGGSSFYAMDY,QDVSTA,SAS,QQYYTLPPT,0.0912,0.3023,0.5729,0.5564,0.0059,0.2874
GFNIKDTY,IYPTNGYT,ATQGGDAFYAMDY,QSVNTA,SAS,QQYYTLPPT,0.0912,0.3023,0.8843,0.3574,0.0059,0.2874
GFNIKDTY,IYPRDGYT,ATEYGTAFYAMDY,QDVNTA,SAS,QQYYTFPPT,0.0912,0.5995,0.6099,0.5112,0.0059,0.2757
GFNIKDTS,IYPEDGYT,ATEGGYYFYAMDY,QSVNTA,SAS,QQYYSLPPT,0.3662,0.3844,0.6381,0.3574,0.0059,0.5028
GFNIKDTY,IYPANGYT,ATEGGRYFYAMDY,QSVNTA,SAS,QQHYTLPPT,0.0912,0.472,0.658,0.3574,0.0059,0.5158
GFNIKDTW,IYPEDGYT,ATEYGSSFYAMDY,QSVNYA,SAS,QQYYTLPPT,0.2274,0.3844,0.513,0.8515,0.0059,0.2874
GFNIKDTY,IYPTDGYT,ATEGGTSFYAMDY,QSVNSA,SAS,QQYYTLPPT,0.0912,0.3148,0.627,0.4755,0.0059,0.2874
GFNIKDTY,IYPNNGYT,ATTGGRAFYAMDY,QDVNTA,SAS,QQHYTFPPT,0.0912,0.7271,0.7712,0.5112,0.0059,0.5041
GFNIKDTY,IYPGNGYT,ATEGGYSYYAMDY,QSVNTA,SAS,QQYYTLPPT,0.0912,0.5922,0.6866,0.3574,0.0059,0.2874
GFNIKDTY,VYPEDGYT,ATRGGRGHFAMDY,QSVNTA,SAS,QQYYTTPPT,0.0912,0.5925,1.1624,0.3574,0.0059,0.2565
GFNIKDTY,IYPTNGYT,ATEYGSGYYAMDY,QDVNTA,SAS,QQYYTLPPT,0.0912,0.3023,0.6241,0.5112,0.0059,0.2874
GFNIKDTY,IYPTDGYT,ATEGGSGFYAMDY,QSVNTA,SAS,QQFYTTPPT,0.0912,0.3148,0.6207,0.3574,0.0059,0.3671
GFNIKDTY,IYPSNGYT,ATRGGSAFYAMDY,QSVNTA,SAS,QQYYTLPPT,0.0912,0.3713,0.6932,0.3574,0.0059,0.2874
GFNIKDTY,IYPEDGYT,ATEGGTGFYAMDY,QSVNTA,SAS,QQYYTLPPT,0.0912,0.3844,0.6748,0.3574,0.0059,0.2874
GFNIKDTY,IYPENGYT,ATEGGGSFFAMDY,QSVNSA,SAS,QQYYTLPPT,0.0912,0.3719,0.7572,0.4755,0.0059,0.2874
GFNIKDTY,IYPQDGYT,ATEYGYAYYAMDY,QSVSTA,SAS,QQYYTLPPT,0.0912,0.772,0.6695,0.4025,0.0059,0.2874
GFNIKDTY,IYPSNGYT,ATEYGDAFYAMDY,QSVSTA,SAS,QQYNTTPPT,0.0912,0.3713,0.6493,0.4025,0.0059,0.441
GFNIKDTW,IDPEDGYT,ATEYGSDFFAMDY,QSVNTA,SAS,QQYYTFPPT,0.2274,0.7254,0.7592,0.3574,0.0059,0.2757
GFNIKDTY,IYPSNGYT,ATEGGYAFYAMDY,QDVNSA,SAS,QQYYTLPPT,0.0912,0.3713,0.6661,0.6293,0.0059,0.2874
GFNIKDTY,IYPEDGYT,ATTGGTYFYAMDY,QSVNTA,SAS,QQYYTFPPT,0.0912,0.3844,0.7271,0.3574,0.0059,0.2757
GFNIKDTY,IYPTNGYT,ATEGGPSFYAMDY,QSVNTA,SAS,QQYSTFPPT,0.0912,0.3023,0.6638,0.3574,0.0059,0.6679
GFNIKDTW,IYPTDGYT,ATYGGYGFYAMDY,QDVNTA,SAS,QQYYTLPPT,0.2274,0.3148,0.7935,0.5112,0.0059,0.2874
GFNIKDTW,IYPEDGYT,ATEGGSAFYAMDY,QDVNSA,SAS,QQYYTFPPT,0.2274,0.3844,0.6157,0.6293,0.0059,0.2757
GFNIKDTY,VYPENGYT,ATRYGSSFYAMDY,QSVNTA,SAS,QQYYTLPPT,0.0912,0.58,0.5904,0.3574,0.0059,0.2874
GFNIKDTY,IYPSNGYT,ATEYGDDFYAMDY,QSVNTA,SAS,QQYYTFPPT,0.0912,0.3713,0.7477,0.3574,0.0059,0.2757
GFNIKDTY,IYPENGYT,ATEGGSAFYAMDY,QSVNTA,SAS,QQHYSLPPT,0.0912,0.3719,0.6157,0.3574,0.0059,0.7312
GFNIKDTY,IYPEDGYT,ATYYGPGFYAMDY,QSVTSA,SAS,QQFYTFPPT,0.0912,0.3844,0.7742,0.8059,0.0059,0.3863
GFNIKDTY,IYPSDGYT,ATEGGRGFYAMDY,QGVNTA,SAS,QQYYTLPPT,0.0912,0.3838,0.6909,0.5541,0.0059,0.2874
GFNIKDTY,IYPTNGYT,ATTYGSGFYAMDY,QSVNSA,SAS,QQYYTLPPT,0.0912,0.3023,0.646,0.4755,0.0059,0.2874
GFNIKDTY,IYPSNGYT,ATEYGGAYYAMDY,QDVSTA,SAS,QQYYTLPPT,0.0912,0.3713,0.6985,0.5564,0.0059,0.2874
GFNIKDTY,IYPTNGYT,ATRGGSSYYAMDY,QDVNTA,SAS,QQYYTLPPT,0.0912,0.3023,0.7137,0.5112,0.0059,0.2874
GFNIKDTY,IYPTNGYT,ATEGGSAFYAMDY,QSVNTA,SAS,QQYYTLPPT,0.0912,0.3023,0.6157,0.3574,0.0059,0.2874
GFNIKDTW,IYPEDGYT,ATEYGFYFYAMDY,QDVYSA,SAS,QQYYTLPPT,0.2274,0.3844,0.6344,1.0081,0.0059,0.2874
GFNIKDTY,IYPTDGYT,ATEGGWYYYAMDY,QSVSSA,SAS,QQYNTLPPT,0.0912,0.3148,0.7842,0.5206,0.0059,0.472
GFNIKDTY,IYPTNGYT,ATEGGTAFYAMDY,QTVNTA,SAS,QQYYTFPPT,0.0912,0.3023,0.6698,0.7297,0.0059,0.2757
GFNIKDTY,IYPTDGYT,ATEGGPAFYAMDY,QSVNTA,SAS,QQHNTLPPT,0.0912,0.3148,0.7067,0.3574,0.0059,0.7003
GFNIKDTW,IYPTNGYT,ATEYGTAFYAMDY,QSVNTA,SAS,QQYYTFPPT,0.2274,0.3023,0.6099,0.3574,0.0059,0.2757
GFNIKDTY,IYPTNGYT,ATEGGSAFYAMDY,QSVNSA,SAS,QQYYTFPPT,0.0912,0.3023,0.6157,0.4755,0.0059,0.2757
GFNIKDTY,IYPTNGYT,ATEYGSSYYAMDY,QSVNTA,SAS,QQYNTFPPT,0.0912,0.3023,0.5763,0.3574,0.0059,0.4602
GFNIKDTY,IYPTDGYT,ATEGGLYFYAMDY,QDVNTA,SAS,QQYYTMPPT,0.0912,0.3148,0.7096,0.5112,0.0059,0.6042
GFNIKDTY,IYPTNGYT,ATEGGPYFWAMDY,QDVSTA,SAS,QQYYTFPPT,0.0912,0.3023,0.9132,0.5564,0.0059,0.2757
GFNIKDTY,IYPSNGYT,ATEYGNSFYAMDY,QSVSTA,SAS,QQYYTLPPT,0.0912,0.3713,0.6257,0.4025,0.0059,0.2874
GFNIKDTY,IYPTDGYT,ATDGGSYFYAMDY,QDVSTA,SAS,QQYYTLPPT,0.0912,0.3148,0.687,0.5564,0.0059,0.2874
GFNIKDTY,VYPTNGYT,ATEYGSYFYAMDY,QDVNTA,SAS,QQYYTTPPT,0.0912,0.5104,0.5279,0.5112,0.0059,0.2565
GFNIKDTY,IYPSNGYA,TTEYGTSYYAMDY,QDVNTA,SAS,QQYYTLPPT,0.0912,0.9226,0.8213,0.5112,0.0059,0.2874
GFNIKDTY,IYPTNGYT,ATYYGSSFYAMDY,QGVSTA,SAS,QQFYTFPPT,0.0912,0.3023,0.6355,0.5993,0.0059,0.3863
GFNIKDTY,IDPENGYT,ATRYGSYFYAMDY,QSVSTA,SAS,QQYYTFPPT,0.0912,0.7129,0.6053,0.4025,0.0059,0.2757
GFNIKDTY,IYPSNGYT,ATEGGYSFFAMDY,QDVSTA,SAS,QQYYTLPPT,0.0912,0.3713,0.7282,0.5564,0.0059,0.2874
GFNIKDTY,IYPTDGYT,ATEGGTSYYAMDY,QSVNTA,SAS,QQYYTLPPT,0.0912,0.3148,0.6903,0.3574,0.0059,0.2874
GFNIKDTW,IYPENGYT,ATEYGSSFFAMDY,QDVNTA,SAS,QQYYTTPPT,0.2274,0.3719,0.6179,0.5112,0.0059,0.2565
GFNIKDTY,IYPENGYT,ATEGGGSFYAMDY,QSVNSA,SAS,QQYYTTPPT,0.0912,0.3719,0.6522,0.4755,0.0059,0.2565
GFNIKDTY,IYPEDGYT,ATEGGRSYYAMDY,QSVNTA,SAS,QQYYTLPPT,0.0912,0.3844,0.7065,0.3574,0.0059,0.2874
GFNIKDTY,IYPTDGYT,ATEYGSDFYAMDY,QSVSTA,SAS,QQHNTFPPT,0.0912,0.3148,0.6542,0.4025,0.0059,0.6886
GFNIKDTY,IYPENGYT,ATEYGSGFYAMDY,QDVNTA,SAS,QQYYTLPPT,0.0912,0.3719,0.5608,0.5112,0.0059,0.2874
GFNIKDTY,IYPEDGYT,ATEYGSYYYAMDY,QDVNSA,SAS,QQYYTLPPT,0.0912,0.3844,0.5913,0.6293,0.0059,0.2874
GFNIKDTW,IYPENGYT,ATEGGQDFYAMDY,QDVNTA,SAS,QQYYTLPPT,0.2274,0.3719,0.8833,0.5112,0.0059,0.2874
GFNIKDTY,IYPSDGYT,ATEYGGGFYAMDY,QSVSSA,SAS,QQYYTTPPT,0.0912,0.3838,0.6401,0.5206,0.0059,0.2565
GFNIKDTY,IYPTNGYT,ATDGGYYYYAMDY,QSVSTA,SAS,QQYYTTPPT,0.0912,0.3023,0.8007,0.4025,0.0059,0.2565
GFNIKDTW,IYPTNGYT,ATEGGKSFYAMDY,QGVNTA,SAS,QQYYTLPPT,0.2274,0.3023,0.7474,0.5541,0.0059,0.2874
GFNIKDTY,IYPSNGYT,ATRYGPGYYAMDY,QSVNTA,SAS,QQYYTFPPT,0.0912,0.3713,0.7925,0.3574,0.0059,0.2757
GFNIKDTW,IYPSDGYT,ATEGGSSFFAMDY,QDVSSA,SAS,QQYYTFPPT,0.2274,0.3838,0.6778,0.6745,0.0059,0.2757
GFNIKDTY,IYPTDGYT,ATEYGYDFYAMDY,QSVNTA,SAS,QQYYTLPPT,0.0912,0.3148,0.7046,0.3574,0.0059,0.2874
GFNIKDTY,IYPTDGYT,ATTGGYAFYAMDY,QSVNSA,SAS,QQYYTLPPT,0.0912,0.3148,0.7513,0.4755,0.0059,0.2874
GFNIKDTY,IYPSNGYT,ATHGGDSYYAMDY,QDVSSA,SAS,QQYYTIPPT,0.0912,0.3713,0.8773,0.6745,0.0059,0.3769
GFNIKDTY,IYPTNGYT,ATEGGSYFYAMDY,QDVNTA,SAS,QQYYTLPPT,0.0912,0.3023,0.5878,0.5112,0.0059,0.2874
GFNIKDTY,IYPTDGYT,ATEGGYAFYAMDY,QDVNTA,SAS,QQYYTLPPT,0.0912,0.3148,0.6661,0.5112,0.0059,0.2874
GFNIKDTY,IYPTNGYT,ATRYGRSFYAMDY,QSVNTA,SAS,QQYYTLPPT,0.0912,0.3023,0.6607,0.3574,0.0059,0.2874
GFNIKDTY,IYPTDGYT,ATEGGTGFYAMDY,QSVNTA,SAS,QQFYTFPPT,0.0912,0.3148,0.6748,0.3574,0.0059,0.3863
GFNIKDTY,IYPSNGYT,ATEGGSSYYAMDY,QSVNTA,SAS,QQYYTLPPT,0.0912,0.3713,0.6362,0.3574,0.0059,0.2874
GFNIKDTY,IYPSDGYT,ATEGGSSYYAMDY,QSVNTA,SAS,QQYYTLPPT,0.0912,0.3838,0.6362,0.3574,0.0059,0.2874
GFNIKDTY,IYPTNGYT,ATEYGYSFYAMDY,QSVNTA,SAS,QQYYTLPPT,0.0912,0.3023,0.5633,0.3574,0.0059,0.2874
GFNIKDTY,IYPTNGYT,ATEGGQSYYAMDY,QSVSTA,SAS,QQYYTLPPT,0.0912,0.3023,0.8054,0.4025,0.0059,0.2874
GFNIKDTY,IYPEDGYT,ATEGGSSYYAMDY,QSVTTA,SAS,QQYYTLPPT,0.0912,0.3844,0.6362,0.6878,0.0059,0.2874
GFNIKDTY,IYPNDGYT,ATEGGYYYYAMDY,QSVNTA,SAS,QQYYTTPPT,0.0912,0.7396,0.7015,0.3574,0.0059,0.2565
GFNIKDTY,IYPTDGYT,ATEGGLSFFAMDY,QSVSTA,SAS,QQYYTLPPT,0.0912,0.3148,0.7996,0.4025,0.0059,0.2874
GFNIKDTY,IYPEDGYT,ATEGGTYYYAMDY,QSVNTA,SAS,QQYYTWPPT,0.0912,0.3844,0.7052,0.3574,0.0059,0.4354
GFNIKDTY,IYPTNGYT,ATLYGLYYYAMDY,QSVNTA,SAS,QQYYTLPPT,0.0912,0.3023,0.8032,0.3574,0.0059,0.2874
GFNIKDTY,IYPENGYT,ATEGGRYFYAMDY,QSVSTA,SAS,QQYYTFPPT,0.0912,0.3719,0.658,0.4025,0.0059,0.2757
GFNIKDTY,IYPTNGYT,ATEGGYAFYAMDY,QDVSSA,SAS,QQYYTLPPT,0.0912,0.3023,0.6661,0.6745,0.0059,0.2874
GFNIKDTY,IYPTDGYT,ATEGGPGYYAMDY,QSVSTA,SAS,QQFYTLPPT,0.0912,0.3148,0.775,0.4025,0.0059,0.398
GFNIKDTY,IYPSNGYT,ATEGGYAFYAMDY,QDVSTA,SAS,QQHYTLPPT,0.0912,0.3713,0.6661,0.5564,0.0059,0.5158
GFNIKDTY,IYPTDGYT,ATEGGYAFYAMDY,QSVSTA,SAS,QQYYTLPPT,0.0912,0.3148,0.6661,0.4025,0.0059,0.2874
GFNIKDTT,IYPSNGYT,ATEGGTYFYAMDY,QDVSTA,SAS,QQYYTFPPT,0.4274,0.3713,0.6419,0.5564,0.0059,0.2757
GFNIKDTY,IYPTNGHT,ATEGGLAFYAMDY,QSVSSA,SAS,QQYYTLPPT,0.0912,0.8702,0.7375,0.5206,0.0059,0.2874
GFNIKDTY,IYPSDGYT,ATEYGSDFYAMDY,QDVSSA,SAS,QQYYTFPPT,0.0912,0.3838,0.6542,0.6745,0.0059,0.2757
GFNIKDTY,IYPENGYT,ATTGGRAYYAMDY,QNVNTA,SAS,QQYYTLPPT,0.0912,0.3719,0.8346,0.6614,0.0059,0.2874
GFNIKDTY,IYPSNGYT,ATDGGQGFYAMDY,QDVSTA,SAS,QQYYTFPPT,0.0912,0.3713,0.889,0.5564,0.0059,0.2757
GFNIKDTY,IYPTDGYT,ATEYGSSYYAMDY,QGVNSA,SAS,QQYYTYPPT,0.0912,0.3148,0.5763,0.6722,0.0059,0.5548
GFNIKDTY,IYPTNGYT,ATEGGSYYYAMDY,QSVNTA,SAS,QQYYTLPPT,0.0912,0.3023,0.6511,0.3574,0.0059,0.2874
GFNIKDTY,IYPEDGYT,ATEGGYYFYAMDY,QSVNTA,SAS,QQYYTLPPT,0.0912,0.3844,0.6381,0.3574,0.0059,0.2874
GFNIKDTY,IYPSDGYT,ATEGGSAFYAMDY,QSVNTA,SAS,QQYYTFPPT,0.0912,0.3838,0.6157,0.3574,0.0059,0.2757
GFNIKDTY,IYPENGYT,ATEGGSSYYAMDY,QSVSTA,SAS,QQYYTLPPT,0.0912,0.3719,0.6362,0.4025,0.0059,0.2874
GFNIKDTY,IYPEDGYT,ATEYGYYYYAMDY,QSVNTA,SAS,QQYYTTPPT,0.0912,0.3844,0.6416,0.3574,0.0059,0.2565
GFNIKDTW,IYPTNGYT,ATEGGSYYYAMDY,QSVNTA,SAS,QQYYTFPPT,0.2274,0.3023,0.6511,0.3574,0.0059,0.2757
GFNIKDTY,IYPADGYT,ATEGGYAYYAMDY,QSVNTA,SAS,QQYYTFPPT,0.0912,0.4846,0.7294,0.3574,0.0059,0.2757
GFNIKDTT,IYPTNGYT,ATDYGDAFYAMDY,QSVNTA,SAS,QQYYTTPPT,0.4274,0.3023,0.7484,0.3574,0.0059,0.2565
GFNIKDTY,IYPANGYT,ATEGGLSFYAMDY,QDVNTA,SAS,QQFYTFPPT,0.0912,0.472,0.6947,0.5112,0.0059,0.3863
GFNIKDTY,IYPSNGYT,ATEYGSFYYAMDY,QSVNTA,SAS,QQHYTLPPT,0.0912,0.3713,0.7484,0.3574,0.0059,0.5158
GFNIKDTY,IYPSDGYT,ATEYGSYFFAMDY,QSVNTA,SAS,QQYYTLPPT,0.0912,0.3838,0.6329,0.3574,0.0059,0.2874
GFNIKDTY,IYPENGYT,ATEYGSYFYAMDY,QSVYTA,SAS,QQYNTFPPT,0.0912,0.3719,0.5279,0.7362,0.0059,0.4602
GFNIKDTY,IYPSNGYT,ATEGGTYFYAMDY,QGVNTA,SAS,QQYYTTPPT,0.0912,0.3713,0.6419,0.5541,0.0059,0.2565
GFNIKDTY,IYPSDGYT,AREGGSAYYAMDY,QDVNSA,SAS,QQYYTLPPT,0.0912,0.3838,0.6737,0.6293,0.0059,0.2874
GFNIKDTW,IYPTDGYT,ATRGGYAFYAMDY,QDVNSA,SAS,QQYYTTPPT,0.2274,0.3148,0.7435,0.6293,0.0059,0.2565
GFNIKDTY,IYPENGYT,AREGGTSYYAMDY,QSVNTA,SAS,QQYYTLPPT,0.0912,0.3719,0.6849,0.3574,0.0059,0.2874
GFNIKDTY,IYPTNGYT,ATEYGKSYYAMDY,QSVNSA,SAS,QQYNTFPPT,0.0912,0.3023,0.7509,0.4755,0.0059,0.4602
GFNIKDTY,IYPSNGYT,AREYGSYFYAMDY,QSVNTA,SAS,QQFYTTPPT,0.0912,0.3713,0.5225,0.3574,0.0059,0.3671
GFNIKDTY,IYPTDGYT,ARTGGSSYYAMDY,QSVYTA,SAS,QQYYTLPPT,0.0912,0.3148,0.7161,0.7362,0.0059,0.2874
GFNIKDTY,IYPSNGYT,AREYGAYFYAMDY,QSVSSA,SAS,QQYYTLPPT,0.0912,0.3713,0.6537,0.5206,0.0059,0.2874
GFNIKDTW,IYPTDGYT,ATRGGSYFYAMDY,QDVSTA,SAS,QQYYSFPPT,0.2274,0.3148,0.6652,0.5564,0.0059,0.4911
GFNIKDTY,IYPENGYT,ATTGGSGYFAMDY,QSVSTA,SAS,QQYNTTPPT,0.0912,0.3719,0.8742,0.4025,0.0059,0.441
GFNIKDTY,IYPSDGYT,ATEGGSAFYAMDY,QDVNSA,SAS,QQYYTFPPT,0.0912,0.3838,0.6157,0.6293,0.0059,0.2757
GFNIKDTY,IYPENGYT,ATEYGNAFYAMDY,QSVSSA,SAS,QQYYTWPPT,0.0912,0.3719,0.6686,0.5206,0.0059,0.4354
GFNIKDTY,IYPEDGYT,ATDGGEAYYAMDY,QDVYSA,SAS,QQYNTFPPT,0.0912,0.3844,0.9804,1.0081,0.0059,0.4602
GFNIKDTY,IYPYDGYT,AREGGGYFYAMDY,QDVNTA,SAS,QQYNTFPPT,0.0912,0.7105,0.6617,0.5112,0.0059,0.4602
GFNIKDTY,IYPTNGYT,AREGGRGYYAMDY,QSVNSA,SAS,QQYYTLPPT,0.0912,0.3023,0.7489,0.4755,0.0059,0.2874
GFNIKDTY,IYPTDGYT,ATEYGKSFYAMDY,QSVSSA,SAS,QQYYTTPPT,0.0912,0.3148,0.6875,0.5206,0.0059,0.2565
GFNIKDTY,IYPSDGYT,AREYGYAFYAMDY,QSVSTA,SAS,QQHYTLPPT,0.0912,0.3838,0.6008,0.4025,0.0059,0.5158
GFNIKDTY,IYPTNGYT,ATEGGKGFFAMDY,QSVSTA,SAS,QQYNTFPPT,0.0912,0.3023,0.9002,0.4025,0.0059,0.4602
GFNIKDTY,IYPSNGYT,ATEGGSYFYAMDY,QSVNTA,SAS,QQYYTFPPT,0.0912,0.3713,0.5878,0.3574,0.0059,0.2757
GFNIKDTW,IYPANGYT,ATTGGDYFYAMDY,QSVNTA,SAS,QQYYTLPPT,0.2274,0.472,0.7665,0.3574,0.0059,0.2874
GFNIKDTY,IYPTNGYT,ATDYGAAYYAMDY,QDVNTA,SAS,QQFYTFPPT,0.0912,0.3023,0.8496,0.5112,0.0059,0.3863
GFNIKDTY,IYPEDGYT,ATRYGSSFFAMDY,QSVNSA,SAS,QQYYTFPPT,0.0912,0.3844,0.6954,0.4755,0.0059,0.2757
GFNIKDTY,IYPTNGYT,ATEYGPYFYAMDY,QSVSTA,SAS,QQFNTLPPT,0.0912,0.3023,0.6188,0.4025,0.0059,0.5825
GFNIKDTY,IYPRDGYT,ARYYGKYYYAMDY,QDVNTA,SAS,QQFYTTPPT,0.0912,0.5995,0.8829,0.5112,0.0059,0.3671
GFNIKDTW,IYPENGYT,ATTYGSSFYAMDY,QSVNTA,SAS,QQYYTLPPT,0.2274,0.3719,0.5982,0.3574,0.0059,0.2874
GFNIKDTY,IYPTNGYT,ATTGGNSFYAMDY,QSVNSA,SAS,QQYYTFPPT,0.0912,0.3023,0.7709,0.4755,0.0059,0.2757
GFNIKDTY,IYPENGYT,AREYGYSFYAMDY,QSVSSA,SAS,QQYHTTPPT,0.0912,0.3719,0.5579,0.5206,0.0059,0.503
GFNIKDTY,IYPTDGYT,ATEGGSAYYAMDY,QGVSSA,SAS,QQFNTLPPT,0.0912,0.3148,0.6791,0.7174,0.0059,0.5825
GFNIKDTY,IYPENGYT,ATDGGDYFYAMDY,QDVNSA,SAS,QQYYTLPPT,0.0912,0.3719,0.7804,0.6293,0.0059,0.2874
GFNIKDTW,IYPEDGYT,ATTYGSGFYAMDY,QSVNTA,SAS,QQYYTLPPT,0.2274,0.3844,0.646,0.3574,0.0059,0.2874
GFNIKDTY,IYPENGYT,AREGGSAYYAMDY,QNVSTA,SAS,QQFYSWPPT,0.0912,0.3719,0.6737,0.7065,0.0059,0.7614
GFNIKDTY,IYPANGYT,AREYGSSFYAMDY,QDVNSA,SAS,QQYNTLPPT,0.0912,0.472,0.5076,0.6293,0.0059,0.472
GFNIKDTY,IYPENGYT,ARHYGRYFYAMDY,QSVNSA,SAS,QQFYTLPPT,0.0912,0.3719,0.7404,0.4755,0.0059,0.398
GFNIKDTY,IYPEDGYT,ATDYGRAFYAMDY,QSVNSA,SAS,QQYYTTPPT,0.0912,0.3844,0.7253,0.4755,0.0059,0.2565
GFNIKDTY,IYPSDGYT,ATEYGSYFYAMDY,QSVNTA,SAS,QQYYTTPPT,0.0912,0.3838,0.5279,0.3574,0.0059,0.2565
GFNIKDTY,IYPEDGYT,ATEYGSAYYAMDY,QSVNTA,SAS,QQYYTTPPT,0.0912,0.3844,0.6192,0.3574,0.0059,0.2565
GFNIKDTY,IYPTNGYT,ATEYGSGFYAMDY,QDVNTA,SAS,QQYYTFPPT,0.0912,0.3023,0.5608,0.5112,0.0059,0.2757
GFNIKDTY,IYPTDGYT,ATEYGSAYYAMDY,QSVSTA,SAS,QQYYTLPPT,0.0912,0.3148,0.6192,0.4025,0.0059,0.2874
GFNIKDTY,IYPTDGYT,ATEYGSGFYAMDY,QDVNTA,SAS,QQHYTFPPT,0.0912,0.3148,0.5608,0.5112,0.0059,0.5041
GFNIKDTY,IYPTNGYT,ATRYGDSFYAMDY,QSVNTA,SAS,QQYYTFPPT,0.0912,0.3023,0.6838,0.3574,0.0059,0.2757
GFNIKDTY,IYPTDGYT,AREYGDYFYAMDY,QSVSTA,SAS,QQYYSTPPT,0.0912,0.3148,0.6159,0.4025,0.0059,0.4719
GFNIKDTY,IYPSDGYT,ARDYGSSFYAMDY,QSVNTA,SAS,QQYYTFPPT,0.0912,0.3838,0.6067,0.3574,0.0059,0.2757
GFNIKDTY,IYPTNGYT,AREGGPGYYAMDY,QSVNTA,SAS,QQYYTTPPT,0.0912,0.3023,0.7696,0.3574,0.0059,0.2565
GFNIKDTY,IYPTNGYT,AREGGSGYYAMDY,QSVNSA,SAS,QQHYTIPPT,0.0912,0.3023,0.6786,0.4755,0.0059,0.6053
GFNIKDTY,IYPTDGYT,ARHYGSGFYAMDY,QDVSTA,SAS,QQYYTLPPT,0.0912,0.3148,0.703,0.5564,0.0059,0.2874
GFNIKDTY,IYPSNGYT,ATEGGDYFYAMDY,QDVNTA,SAS,QQYYTTPPT,0.0912,0.3713,0.6812,0.5112,0.0059,0.2565
GFNIKDTY,IYPEDGYT,ATEYGSSFYAMDY,QDVNTA,SAS,QQYYTTPPT,0.0912,0.3844,0.513,0.5112,0.0059,0.2565
GFNIKDTW,IYPENGYT,ATEYGNSFYAMDY,QSVNSA,SAS,QQYYTWPPT,0.2274,0.3719,0.6257,0.4755,0.0059,0.4354
GFNIKDTY,IYPTNGYT,ATEGGTSFYAMDY,QDVNTA,SAS,QQYNTFPPT,0.0912,0.3023,0.627,0.5112,0.0059,0.4602
GFNIKDTY,IYPTDGYT,ARTYGPGFYAMDY,QSVSSA,SAS,QQYYTFPPT,0.0912,0.3148,0.7316,0.5206,0.0059,0.2757
GFNIKDTW,IYPTDGYT,AREYGTYYYAMDY,QSVSTA,SAS,QQHYTFPPT,0.2274,0.3148,0.6399,0.4025,0.0059,0.5041
GFNIKDTY,IYPTNGYT,ATTGGSAYYAMDY,QSVSTA,SAS,QQYYTFPPT,0.0912,0.3023,0.7643,0.4025,0.0059,0.2757
GFNIKDTY,IYPENGYT,ATEYGYAFYAMDY,QDVNSA,SAS,QQFNNFPPT,0.0912,0.3719,0.6062,0.6293,0.0059,0.9359
GFNIKDTY,IYPTNGYT,AREGGEDFYAMDY,QDVNTA,SAS,QQYYTWPPT,0.0912,0.3023,0.9109,0.5112,0.0059,0.4354
GFNIKDTY,IYPSDGYT,ATEGGSYFYAMDY,QSVSTA,SAS,QQYYTFPPT,0.0912,0.3838,0.5878,0.4025,0.0059,0.2757
GFNIKDTY,IYPTNGYT,ATEYGSAFYAMDY,QSVNTA,SAS,QQFNTLPPT,0.0912,0.3023,0.5558,0.3574,0.0059,0.5825
GFNIKDTY,IYPSNGYT,AREYGSYYYAMDY,QSVNSA,SAS,QQYNTFPPT,0.0912,0.3713,0.5858,0.4755,0.0059,0.4602
GFNIKDTY,IYPSDGYT,ARRYGSSFYAMDY,QSVNTA,SAS,QQYNTFPPT,0.0912,0.3838,0.585,0.3574,0.0059,0.4602
GFNIKDTY,IYPTNGYT,ATEGGLSYYAMDY,QSVSTA,SAS,QQYYTFPPT,0.0912,0.3023,0.758,0.4025,0.0059,0.2757
GFNIKDTY,IYPTDGYT,ATEGGRYYYAMDY,QSVSTA,SAS,QQYYTFPPT,0.0912,0.3148,0.7214,0.4025,0.0059,0.2757
GFNIKDTY,IYPTNGYT,AREYGTAFYAMDY,QGVNTA,SAS,QQHYTLPPT,0.0912,0.3023,0.6045,0.5541,0.0059,0.5158
GFNIKDTY,IYPTDGYT,ATEYGTYYYAMDY,QSVSTA,SAS,QQFYTLPPT,0.0912,0.3148,0.6453,0.4025,0.0059,0.398
GFNIKDTY,IYPENGYT,AREYGSYYYAMDY,QSVNTA,SAS,QQYYTTPPT,0.0912,0.3719,0.5858,0.3574,0.0059,0.2565
GFNIKDTY,VYPSDGYT,ATEGGSSYYAMDY,QSVSTA,SAS,QQYYTTPPT,0.0912,0.5919,0.6362,0.4025,0.0059,0.2565
GFNIKDTY,IYPTNGYT,ATTGGPYFYAMDY,QSVNTA,SAS,QQFYTTPPT,0.0912,0.3023,0.764,0.3574,0.0059,0.3671
GFNIKDTY,IYPANGYT,ARDLGYYFYAMDY,QDVNSA,SAS,QQFYTFPPT,0.0912,0.472,0.7482,0.6293,0.0059,0.3863
GFNIKDTY,VYPEDGYT,ATRGGTYFYAMDY,QSVSTA,SAS,QQYYTFPPT,0.0912,0.5925,0.7193,0.4025,0.0059,0.2757
GFNIKDTY,IYPEDGYT,ARDGGLNFYAMDY,QSVSTA,SAS,QQYYTLPPT,0.0912,0.3844,0.9762,0.4025,0.0059,0.2874
GFNIKDTY,IYPTNGYT,ATEYGYSYYAMDY,QSVNTA,SAS,QQYNTLPPT,0.0912,0.3023,0.6267,0.3574,0.0059,0.472
GFNIKDTY,IYPENGYT,AREGGSYFYAMDY,QDVNSA,SAS,QQYYSTPPT,0.0912,0.3719,0.5824,0.6293,0.0059,0.4719
GFNIKDTY,IYPENGYT,ATEYGLYFYAMDY,QSVNTA,SAS,QQYYTLPPT,0.0912,0.3719,0.6497,0.3574,0.0059,0.2874
GFNIKDTY,IYPTNGYT,AREYGRSYYAMDY,QTVSTA,SAS,QQYYTFPPT,0.0912,0.3023,0.6412,0.7748,0.0059,0.2757
GFNIKDTY,IYPSNGYT,AREYGYAFYAMDY,QSVSTA,SAS,QQYYTLPPT,0.0912,0.3713,0.6008,0.4025,0.0059,0.2874
GFNIKDTY,IYPTNGYT,TRDYGTYYYAMDY,QSVNTA,SAS,QQFYTTPPT,0.0912,0.3023,0.93,0.3574,0.0059,0.3671
GFNIKDTY,IYPSNGYT,ATEYGGYFYAMDY,QSVNSA,SAS,QQFYTFPPT,0.0912,0.3713,0.6072,0.4755,0.0059,0.3863
GFNIKDTW,IYPENGYT,ATEYGGYFYAMDY,QSVSTA,SAS,QQYYTLPPT,0.2274,0.3719,0.6072,0.4025,0.0059,0.2874
GFNIKDTY,IYPTNGYT,ATEYGSYYYAMDY,QSVSSA,SAS,QQYYTLPPT,0.0912,0.3023,0.5913,0.5206,0.0059,0.2874
GFNIKDTY,IYPENGYT,AREYGSGFYAMDY,QSVNSA,SAS,QQYHTLPPT,0.0912,0.3719,0.5554,0.4755,0.0059,0.5339
GFNIKDTY,IYPTNGYT,ATEAGTAFYAMDY,QSVNTA,SAS,QQFYTFPPT,0.0912,0.3023,0.8376,0.3574,0.0059,0.3863
GFNIKDTY,IYPANGYT,AREYGTYYYAMDY,QSVSTA,SAS,QQYYTLPPT,0.0912,0.472,0.6399,0.4025,0.0059,0.2874
GFNIKDTY,IYPSNGYT,AREYGSYFYAMDY,QNVNSA,SAS,QQYYTLPPT,0.0912,0.3713,0.5225,0.7795,0.0059,0.2874
GFNIKDTW,IYPEDGYT,AREYGKAFYAMDY,QSVNSA,SAS,QQYYTFPPT,0.2274,0.3844,0.725,0.4755,0.0059,0.2757
GFNIKDTY,IYPEDGYT,ATEGGTYFYAMDY,QNVNTA,SAS,QQYYNLPPT,0.0912,0.3844,0.6419,0.6614,0.0059,0.6526
GFNIKDTY,IYPEDGYT,AREYGSGFYAMDY,QSVNSA,SAS,QQYYTLPPT,0.0912,0.3844,0.5554,0.4755,0.0059,0.2874
GFNIKDTY,IYPEDGYT,AREGGGYFYAMDY,QSVSSA,SAS,QQYYTIPPT,0.0912,0.3844,0.6617,0.5206,0.0059,0.3769
GFNIKDTY,IYPSNGYT,ATEGGDYFYAMDY,QSVNTA,SAS,QQYYTLPPT,0.0912,0.3713,0.6812,0.3574,0.0059,0.2874
GFNIKDTY,IYPEDGYT,ATEYGRSFYAMDY,QSVSSA,SAS,QQYYTFPPT,0.0912,0.3844,0.5832,0.5206,0.0059,0.2757
GFNIKDTY,IYPENGYT,ATEYGSSFFAMDY,QSVNTA,SAS,QQYYTLPPT,0.0912,0.3719,0.6179,0.3574,0.0059,0.2874
GFNIKDTY,IYPENGYT,AREGGGSFYAMDY,QSVNSA,SAS,QQYYTFPPT,0.0912,0.3719,0.6468,0.4755,0.0059,0.2757
GFNIKDTY,IYPEDGYT,ATEGGSSFFAMDY,QSVSTA,SAS,QQYYTLPPT,0.0912,0.3844,0.6778,0.4025,0.0059,0.2874
GFNIKDTY,IYPEDGYT,ATEYGLSFYAMDY,QDVSSA,SAS,QQYNTFPPT,0.0912,0.3844,0.6348,0.6745,0.0059,0.4602
GFNIKDTW,IYPSDGYT,ATTGGSGFYAMDY,QSVNTA,SAS,QQYNTFPPT,0.2274,0.3838,0.7059,0.3574,0.0059,0.4602
GFNIKDTY,IYPEDGYT,AREYGPAFYAMDY,QDVNSA,SAS,QQFNTFPPT,0.0912,0.3844,0.6414,0.6293,0.0059,0.5708
GFNIKDTY,IYPSDGYT,ATEGGTYFYAMDY,QSVNSA,SAS,QQYYTLPPT,0.0912,0.3838,0.6419,0.4755,0.0059,0.2874
GFNIKDTY,IYPSDGYT,ATEGGSYFYAMDY,QSVNTA,SAS,QQFYTFPPT,0.0912,0.3838,0.5878,0.3574,0.0059,0.3863
GFNIKDTY,IYPTNGYT,ATEGGYGYFAMDY,QSVNSA,SAS,QQFYTLPPT,0.0912,0.3023,0.8393,0.4755,0.0059,0.398
GFNIKDTY,IYPEDGYT,AREYGSYFFAMDY,QSVNSA,SAS,QQYYSLPPT,0.0912,0.3844,0.6275,0.4755,0.0059,0.5028
GFNIKDTY,IYPTNGYT,AREGGSAFYAMDY,QDVNTA,SAS,QQYYTWPPT,0.0912,0.3023,0.6103,0.5112,0.0059,0.4354
GFNIKDTY,IYPTNGYT,ATRGGNAFYAMDY,QSVNTA,SAS,QQYYTLPPT,0.0912,0.3023,0.8059,0.3574,0.0059,0.2874
GFNIKDTY,IYPSNGYT,AREYGFSYYAMDY,QSVSTA,SAS,QQFNTIPPT,0.0912,0.3713,0.6774,0.4025,0.0059,0.672
GFNIKDTY,IYPTDGYT,ATELGSGFYAMDY,QSVNTA,SAS,QQYYTTPPT,0.0912,0.3148,0.637,0.3574,0.0059,0.2565
GFNIKDTY,IYPEDGYT,ATYYGSYFYAMDY,QSVNSA,SAS,QQYYTFPPT,0.0912,0.3844,0.6504,0.4755,0.0059,0.2757
GFNIKDTY,IYPTNGYT,AREGGSAFYAMDY,QSVSTA,SAS,QQYYTTPPT,0.0912,0.3023,0.6103,0.4025,0.0059,0.2565
GFNIKDTY,IYPENGFT,AREYGRSYYAMDY,QSVNTA,SAS,QQYYTTPPT,0.0912,0.8876,0.6412,0.3574,0.0059,0.2565
GFNIKDTY,VYPTNGYT,AREYGSAYHAMDY,QDVYTA,SAS,QQYYTFPPT,0.0912,0.5104,0.904,0.89,0.0059,0.2757
GFNIKDTW,IYPGNGYT,ATTYGSSFYAMDY,QDVNTA,SAS,QQYYTIPPT,0.2274,0.5922,0.5982,0.5112,0.0059,0.3769
GFNIKDTY,IYPTDGYT,AREYGRAFYAMDY,QSVNTA,SAS,QQYYTLPPT,0.0912,0.3148,0.6207,0.3574,0.0059,0.2874
GFNIKDTY,IYPTDGYT,AREYGTSFYAMDY,QDVSTA,SAS,QQFYTTPPT,0.0912,0.3148,0.5617,0.5564,0.0059,0.3671
GFNIKDTY,IYPEDGYT,ATLYGPSYYAMDY,QDVNTA,SAS,QQYYTLPPT,0.0912,0.3844,0.7575,0.5112,0.0059,0.2874
GFNIKDTY,IYPENGYT,ATELGPSFYAMDY,QGVSSA,SAS,QQYYTFPPT,0.0912,0.3719,0.6801,0.7174,0.0059,0.2757
GFNIKDTY,IYPEDGYT,ARDYGSGYYAMDY,QDVNTA,SAS,QQYYTLPPT,0.0912,0.3844,0.7179,0.5112,0.0059,0.2874
GFNIKDTY,IYPTDGYT,ATEYGSSYYAMDY,QDVSTA,SAS,QQYYTLPPT,0.0912,0.3148,0.5763,0.5564,0.0059,0.2874
GFNIKDTY,IYPEDGYT,ATRLGTGFYAMDY,QDVNSA,SAS,QQYYTAPPT,0.0912,0.3844,0.7685,0.6293,0.0059,0.7655
GFNIKDTY,IYPENGYT,AREYGSAFFAMDY,QSVNTA,SAS,QQYYTFPPT,0.0912,0.3719,0.6554,0.3574,0.0059,0.2757
GFNIKDTY,IYPENGYT,ATEGGSYFYAMDY,QSVNTA,SAS,QQYYTIPPT,0.0912,0.3719,0.5878,0.3574,0.0059,0.3769
GFNIKDTY,IYPEDGYT,ATELGRSYFAMDY,QNVNTA,SAS,QQYYTTPPT,0.0912,0.3844,0.8277,0.6614,0.0059,0.2565
GFNIKDTY,IYPTNGYT,AREYGSSYYAMDY,QDVNTA,SAS,QQYYTIPPT,0.0912,0.3023,0.5709,0.5112,0.0059,0.3769
GFNIKDTY,IYPEDGYT,AREYGRAFYAMDY,QDVNTA,SAS,QQYYTIPPT,0.0912,0.3844,0.6207,0.5112,0.0059,0.3769
GFNIKDTY,IYPEDGYT,AREYGSSFYAMDY,QSVNTA,SAS,QQFYTTPPT,0.0912,0.3844,0.5076,0.3574,0.0059,0.3671
GFNIKDTY,IYPEDGYT,ATEYGLAYYAMDY,QDVSTA,SAS,QQYNTFPPT,0.0912,0.3844,0.741,0.5564,0.0059,0.4602
GFNIKDTY,IYPENGYT,AREGGSSFYAMDY,QSVSTA,SAS,QQYYTTPPT,0.0912,0.3719,0.5675,0.4025,0.0059,0.2565
GFNIKDTW,IYPENGYT,ATEYGMGFYAMDY,QSVSTA,SAS,QQFYTFPPT,0.2274,0.3719,0.7425,0.4025,0.0059,0.3863
GFNIKDTY,IYPTNGYT,ATELGESFYAMDY,QDVSSA,SAS,QQYYTLPPT,0.0912,0.3023,0.7913,0.6745,0.0059,0.2874
GFNIKDTY,VHPENGYT,ATFGGSAFFAMDY,QDVNTA,SAS,QQYYTLPPT,0.0912,1.0571,0.8934,0.5112,0.0059,0.2874
GFNIKDTY,IYPANGYT,ARDYGAYYYAMDY,QSVSTA,SAS,QQYNTTPPT,0.0912,0.472,0.8163,0.4025,0.0059,0.441
GFNIKDTY,IYPTDGYT,ATEYGSAFYAMDY,QSVNSA,SAS,QQYYTTPPT,0.0912,0.3148,0.5558,0.4755,0.0059,0.2565
GFNIKDTY,IYPEDGYT,AREYGPAFFAMDY,QNVNTA,SAS,QQFYTTPPT,0.0912,0.3844,0.7463,0.6614,0.0059,0.3671
GFNIKDTY,IYPTDGYT,ATEYGRGYYAMDY,QDVSTA,SAS,QQYYTLPPT,0.0912,0.3148,0.6944,0.5564,0.0059,0.2874
GFNIKDTY,IYPENGYT,ATEYGSYFYAMDY,QDVNTA,SAS,QQFYTLPPT,0.0912,0.3719,0.5279,0.5112,0.0059,0.398
GFNIKDTY,IYPSNGYT,ATEGGSYFYAMDY,QSVNTA,SAS,QQYYSFPPT,0.0912,0.3713,0.5878,0.3574,0.0059,0.4911
GFNIKDTY,IYPENGYT,ARTYGSYFYAMDY,QDVVTA,SAS,QQHYTFPPT,0.0912,0.3719,0.6077,0.906,0.0059,0.5041
GFNIKDTY,IYPTNGYT,ATTLGYGYYAMDY,QGVSTA,SAS,QQYYTTPPT,0.0912,0.3023,0.8359,0.5993,0.0059,0.2565
GFNIKDTY,IYPTNGYT,ATELGSYYYAMDY,QDVNTA,SAS,QQFYTFPPT,0.0912,0.3023,0.6674,0.5112,0.0059,0.3863
GFNIKDTY,IYPSDGYT,ATEYGYAYYAMDY,QDVNTA,SAS,QQYYTFPPT,0.0912,0.3838,0.6695,0.5112,0.0059,0.2757
GFNIKDTY,IYPTNGYT,AREGGSAYYAMDY,QSVNTA,SAS,QQFYTTPPT,0.0912,0.3023,0.6737,0.3574,0.0059,0.3671
GFNIKDTY,IYPEDGYT,AREYGGYFYAMDY,QSVNTA,SAS,QQYYTFPPT,0.0912,0.3844,0.6018,0.3574,0.0059,0.2757
GFNIKDTY,IYPENGYT,AREYGRGFYAMDY,QSVSTA,SAS,QQYYTTPPT,0.0912,0.3719,0.6256,0.4025,0.0059,0.2565
GFNIKDTY,IYPSNGYT,ATEYGTSFYAMDY,QNVNTA,SAS,QQYYTTPPT,0.0912,0.3713,0.5671,0.6614,0.0059,0.2565
GFNIKDTY,IYPENGYT,ATELGSSFYAMDY,QDVSTA,SAS,QQYYTFPPT,0.0912,0.3719,0.5891,0.5564,0.0059,0.2757
GFNIKDTY,IYPSDGYT,ATEYGPSFYAMDY,QDVSTA,SAS,QQYYTIPPT,0.0912,0.3838,0.6039,0.5564,0.0059,0.3769
GFNIKDTY,IYPENGYT,ATRYGRSYYAMDY,QSVSTA,SAS,QQYYTLPPT,0.0912,0.3719,0.724,0.4025,0.0059,0.2874
GFNIKDTY,IYPENGYT,ATEYGRSFFAMDY,QSVSTA,SAS,QQYYTFPPT,0.0912,0.3719,0.6882,0.4025,0.0059,0.2757
GFNIKDTY,IYPENGYT,ARRYGSSFYAMDY,QDVNSA,SAS,QQYYTTPPT,0.0912,0.3719,0.585,0.6293,0.0059,0.2565
GFNIKDTY,IYPENGYT,ATEYGLSFYAMDY,QDVNTA,SAS,QQYYTIPPT,0.0912,0.3719,0.6348,0.5112,0.0059,0.3769
GFNIKDTY,IYPEDGYT,AREYGSYFYAMDY,QDVYTA,SAS,QQYYTLPPT,0.0912,0.3844,0.5225,0.89,0.0059,0.2874
GFNIKDTY,IYPTNGYT,ATEYGSSFYAMDY,QDVNTA,SAS,QQFYTFPPT,0.0912,0.3023,0.513,0.5112,0.0059,0.3863
GFNIKDTY,IYPEDGYT,AREYGTAYYAMDY,QDVSTA,SAS,QQYYTLPPT,0.0912,0.3844,0.6679,0.5564,0.0059,0.2874
GFNIKDTY,IYPTNGYT,ATEYGYSYYAMDY,QDVTTA,SAS,QQFYTFPPT,0.0912,0.3023,0.6267,0.8416,0.0059,0.3863
GFNIKDTY,IYPTNGYT,ATELGSAFYAMDY,QDVNTA,SAS,QQFNTTPPT,0.0912,0.3023,0.632,0.5112,0.0059,0.5516
GFNIKDTY,IYPTDGYT,ARRYGSGFYAMDY,QDVNSA,SAS,QQYYTIPPT,0.0912,0.3148,0.6328,0.6293,0.0059,0.3769
GFNIKDTY,IYPTDGYT,ARWYGPSFYAMDY,QDVNTA,SAS,QQFYTLPPT,0.0912,0.3148,0.7688,0.5112,0.0059,0.398
GFNIKDTY,IYPANGYT,ATEYGSSFYAMDY,QDVSTA,SAS,QQFYTFPPT,0.0912,0.472,0.513,0.5564,0.0059,0.3863
GFNIKDTY,IYPTDGYT,ATELGGAFYAMDY,QSVSTA,SAS,QQFYTTPPT,0.0912,0.3148,0.7114,0.4025,0.0059,0.3671
GFNIKDTY,IYPTDGYT,ATRYGSAFYAMDY,QDVSTA,SAS,QQYYTFPPT,0.0912,0.3148,0.6333,0.5564,0.0059,0.2757
GFNIKDTY,IYPTNGYT,AREYGTGYYAMDY,QSVNTA,SAS,QQYYTFPPT,0.0912,0.3023,0.6728,0.3574,0.0059,0.2757
GFNIKDTY,IYPTNGYT,ARRYGDAFFAMDY,QSVSTA,SAS,QQYYTFPPT,0.0912,0.3023,0.8263,0.4025,0.0059,0.2757
GFNIKDTY,IYPTNGYT,ATEYGFSFYAMDY,QGVSTA,SAS,QQYYTIPPT,0.0912,0.3023,0.6195,0.5993,0.0059,0.3769
GFNIKDTY,IYPSDGYT,ARRYGRSFYAMDY,QDVNTA,SAS,QQYYTTPPT,0.0912,0.3838,0.6553,0.5112,0.0059,0.2565
GFNIKDTY,IYPSNGYT,AREYGPAYYAMDY,QSVNTA,SAS,QQYYTTPPT,0.0912,0.3713,0.7047,0.3574,0.0059,0.2565
GFNIKDTY,IYPTDGYT,ATEYGSAFFAMDY,QDVSTA,SAS,QQYYTLPPT,0.0912,0.3148,0.6608,0.5564,0.0059,0.2874
GFNIKDTY,IYPSDGYT,ATTYGSAFYAMDY,QGVNTA,SAS,QQFYTTPPT,0.0912,0.3838,0.6411,0.5541,0.0059,0.3671
GFNIKDTY,IYPSNGYT,ATTYGFSYYAMDY,QSVNTA,SAS,QQFYTLPPT,0.0912,0.3713,0.7681,0.3574,0.0059,0.398
GFNIKDTY,IYPTDGYT,ATEYGAAYFAMDY,QNVNTA,SAS,QQYYSLPPT,0.0912,0.3148,0.8554,0.6614,0.0059,0.5028
GFNIKDTY,IYPENGYT,AREYGGAFYAMDY,QSVNSA,SAS,QQFYTLPPT,0.0912,0.3719,0.6298,0.4755,0.0059,0.398
GFNIKDTY,IYPSDGYT,ATEYGSAYYAMDY,QSVSTA,SAS,QQFYTFPPT,0.0912,0.3838,0.6192,0.4025,0.0059,0.3863
GFNIKDTY,IYPTNGYT,ARTLGSSFYAMDY,QSVSTA,SAS,QQFYTTPPT,0.0912,0.3023,0.669,0.4025,0.0059,0.3671
GFNIKDTY,IYPTNGYT,ATEYGSAFYAMDY,QSVTTA,SAS,QQYYTLPPT,0.0912,0.3023,0.5558,0.6878,0.0059,0.2874
GFNIKDTY,IYPENGYT,AREYGTGYYAMDY,QSVNTA,SAS,QQYYTTPPT,0.0912,0.3719,0.6728,0.3574,0.0059,0.2565
GFNIKDTY,IYPTDGYT,ARELGSAFYAMDY,QSVNSA,SAS,QQYYTTPPT,0.0912,0.3148,0.6266,0.4755,0.0059,0.2565
GFNIKDTY,IYPTDGYT,ARTYGNAFYAMDY,QSVSTA,SAS,QQYYTFPPT,0.0912,0.3148,0.7484,0.4025,0.0059,0.2757
GFNIKDTY,IYPTNGYT,ARLYGSWFYAMDY,QSVNTA,SAS,QQYYTTPPT,0.0912,0.3023,0.7757,0.3574,0.0059,0.2565
GFNIKDTY,IYPTDGYT,ATEYGFSFWAMDY,QDVSTA,SAS,QQYYTFPPT,0.0912,0.3148,0.854,0.5564,0.0059,0.2757
GFNIKDTY,IYPEDGYT,ATEYGTGFYAMDY,QDVNTA,SAS,QQYYTTPPT,0.0912,0.3844,0.6149,0.5112,0.0059,0.2565
GFNIKDTY,IYPSDGYT,AREGGNSYYAMDY,QSVSTA,SAS,QQYYTTPPT,0.0912,0.3838,0.7436,0.4025,0.0059,0.2565
GFNIKDTY,IYPTNGYT,AREYGGGFYAMDY,QSVNTA,SAS,QQFYTFPPT,0.0912,0.3023,0.6347,0.3574,0.0059,0.3863
GFNIKDTY,IYPENGYT,ATTLGSAFYAMDY,QSVSTA,SAS,QQYYTFPPT,0.0912,0.3719,0.7172,0.4025,0.0059,0.2757
GFNIKDTY,IYPSDGYT,ATEYGSAYYAMDY,QSVNTA,SAS,QQFYTTPPT,0.0912,0.3838,0.6192,0.3574,0.0059,0.3671
GFNIKDTY,IYPTDGYT,ARLGGDAFFAMDY,QSVNTA,SAS,QQYYTLPPT,0.0912,0.3148,0.8989,0.3574,0.0059,0.2874
GFNIKDTY,IYPTDGYT,AREYGSAFYAMDY,QDVSTA,SAS,QQYYTTPPT,0.0912,0.3148,0.5504,0.5564,0.0059,0.2565
GFNIKDTY,IYPTNGYT,ATELGSGFYAMDY,QDVSTA,SAS,QQYYTFPPT,0.0912,0.3023,0.637,0.5564,0.0059,0.2757
GFNIKDTY,IYPTNGYT,ATEYGTAFYAMDY,QDVNVA,SAS,QQYYTLPPT,0.0912,0.3023,0.6099,0.9468,0.0059,0.2874
GFNIKDTY,IYPTNGYT,ATEYGSYFYAMDY,QSVSTA,SAS,QQFYTLPPT,0.0912,0.3023,0.5279,0.4025,0.0059,0.398
GFNIKDTY,IYPADGYT,ARRYGRSYYAMDY,QDVNTA,SAS,QQHYTLPPT,0.0912,0.4846,0.7186,0.5112,0.0059,0.5158
GFNIKDTW,IYPTDGYT,ATDYGTAFYAMDY,QDVNTA,SAS,QQFYTFPPT,0.2274,0.3148,0.7091,0.5112,0.0059,0.3863
GFNIKDTY,IYPTNGYT,ATELGTAYYAMDY,QDVSTA,SAS,QQYYTFPPT,0.0912,0.3023,0.7494,0.5564,0.0059,0.2757
GFNIKDTY,IYPTNGYT,ARRYGSAFYAMDY,QSVNTA,SAS,QQYYTFPPT,0.0912,0.3023,0.6279,0.3574,0.0059,0.2757
GFNIKDTY,IYPTNGYT,ATEYGSAFYAMDY,QSVNTA,SAS,QQYYTTPPT,0.0912,0.3023,0.5558,0.3574,0.0059,0.2565
GFNIKDTY,IYPTDGYT,ATRYGTGFYAMDY,QNVNTA,SAS,QQYYTTPPT,0.0912,0.3148,0.6923,0.6614,0.0059,0.2565
GFNIKDTY,IYPTNGYT,ATLGGRGFYAMDY,QSVSTA,SAS,QQYHTTPPT,0.0912,0.3023,0.7811,0.4025,0.0059,0.503
GFNIKDTY,IYPSNGYT,ATRYGNSFYAMDY,QSVNTA,SAS,QQYYTIPPT,0.0912,0.3713,0.7032,0.3574,0.0059,0.3769
GFNIKDTW,IYPTDGYT,ATEYGWYFYAMDY,QSVSTA,SAS,QQYYTFPPT,0.2274,0.3148,0.6609,0.4025,0.0059,0.2757
GFNIKDTY,IYPTDGYT,AREYGYGFYAMDY,QDVNTA,SAS,QQYYTTPPT,0.0912,0.3148,0.6057,0.5112,0.0059,0.2565
GFNIKDTY,IYPTNGYT,ATEYGYSFYAMDY,QSVNTA,SAS,QQYYTTPPT,0.0912,0.3023,0.5633,0.3574,0.0059,0.2565
GFNIKDTY,IYPEDGYT,AREGGTSYYAMDY,QSVNTA,SAS,QQYYSIPPT,0.0912,0.3844,0.6849,0.3574,0.0059,0.5923
GFNIKDTY,IYPTNGYT,ARDLGMGFYAMDY,QDVNTA,SAS,QQYYTFPPT,0.0912,0.3023,0.9124,0.5112,0.0059,0.2757
GFNIKDTY,IYPTDGYT,ATEYGDYFYAMDY,QSVNTA,SAS,QQYYTLPPT,0.0912,0.3148,0.6213,0.3574,0.0059,0.2874
GFNIKDTY,IYPTDGYT,ATEGGSAYYAMDY,QSVTTA,SAS,QQYYTFPPT,0.0912,0.3148,0.6791,0.6878,0.0059,0.2757
GFNIKDTY,IYPSDGYT,AREGGYYYYAMDY,QSVNSA,SAS,QQYYTLPPT,0.0912,0.3838,0.6961,0.4755,0.0059,0.2874
GFNIKDTY,IYPTNGYT,ATEGGSYFFAMDY,QSVNTA,SAS,QQYYTLPPT,0.0912,0.3023,0.6928,0.3574,0.0059,0.2874
GFNIKDTY,IYPTNGYT,ATEYGYYFYAMDY,QSVSTA,SAS,QQYYTLPPT,0.0912,0.3023,0.5782,0.4025,0.0059,0.2874
GFNIKDTY,IYPTDGYT,ATEYGDSYYAMDY,QSVSSA,SAS,QQYYTLPPT,0.0912,0.3148,0.6698,0.5206,0.0059,0.2874
GFNIKDTY,IYPTNGYT,ATEYGRYFYAMDY,QSVTSA,SAS,QQYYTLPPT,0.0912,0.3023,0.5981,0.8059,0.0059,0.2874
GFNIKDTY,IYPENGYT,ATTYGFYFYAMDY,QSVSSA,SAS,QQYYTLPPT,0.0912,0.3719,0.7196,0.5206,0.0059,0.2874
GFNIKDTY,IYPTDGYT,ATLLGNYFYAMDY,QSVNTA,SAS,QQYYTWPPT,0.0912,0.3148,0.807,0.3574,0.0059,0.4354
GFNIKDTY,IYPSNGYT,ATRYGPYFYAMDY,QGVSTA,SAS,QQYYTLPPT,0.0912,0.3713,0.6963,0.5993,0.0059,0.2874
GFNIKDTY,IYPSDGYT,ATTGGSYFYAMDY,QSVSTA,SAS,QQFYTWPPT,0.0912,0.3838,0.673,0.4025,0.0059,0.546
GFNIKDTY,IYPENGYT,AREGGPYFYAMDY,QGVNTA,SAS,QQYYTLPPT,0.0912,0.3719,0.6733,0.5541,0.0059,0.2874
GFNIKDTY,IYPTDGYT,ARLGGRYFYAMDY,QDVSTA,SAS,QQYYTIPPT,0.0912,0.3148,0.7428,0.5564,0.0059,0.3769
GFNIKDTY,VYPTNGYT,AREYGSYFYAMDY,QGVNTA,SAS,QQYYTFPPT,0.0912,0.5104,0.5225,0.5541,0.0059,0.2757
GFNIKDTY,IYPTDGYT,ATEYGSYYYAMDY,QSVNVA,SAS,QQYYTLPPT,0.0912,0.3148,0.5913,0.7929,0.0059,0.2874
GFNIKDTY,IYPSDGYT,AREGGTAYYAMDY,QNVSTA,SAS,QQYYTLPPT,0.0912,0.3838,0.7278,0.7065,0.0059,0.2874
GFNIKDTY,IYPTDGYT,AREYGPYFYAMDY,QDVSTA,SAS,QQYYTFPPT,0.0912,0.3148,0.6134,0.5564,0.0059,0.2757
GFNIKDTY,IYPSNGYT,ARRLGSAFYAMDY,QSVTTA,SAS,QQYYTTPPT,0.0912,0.3713,0.704,0.6878,0.0059,0.2565
GFNIKDTY,IYPTNGYT,ARELGSYFFAMDY,QDVSSA,SAS,QQYYTSPPT,0.0912,0.3023,0.7036,0.6745,0.0059,0.5385
GFNIKDTY,IYPTDGYT,ATEYGTYFYAMDY,QSVNVA,SAS,QQYYTTPPT,0.0912,0.3148,0.582,0.7929,0.0059,0.2565
GFNIKDTY,IYPSNGYT,AREYGFAFYAMDY,QGVSTA,SAS,QQFYTTPPT,0.0912,0.3713,0.6569,0.5993,0.0059,0.3671
GFNIKDTY,IYPENGYT,AREYGFSYYAMDY,QDVNSA,SAS,QQYYTIPPT,0.0912,0.3719,0.6774,0.6293,0.0059,0.3769
GFNIKDTY,IYPTDGYT,ATEYGPYYYAMDY,QNVSTA,SAS,QQYYTLPPT,0.0912,0.3148,0.6822,0.7065,0.0059,0.2874
GFNIKDTY,IYPSDGYT,AREYGGYFYAMDY,QSVNTA,SAS,QQHYTFPPT,0.0912,0.3838,0.6018,0.3574,0.0059,0.5041
GFNIKDTY,IYPGNGYT,AREYGPYFFAMDY,QNVNTA,SAS,QQYNTFPPT,0.0912,0.5922,0.7184,0.6614,0.0059,0.4602
GFNIKDTY,IYPENGYT,ATEYGGYYYAMDY,QDVNTA,SAS,QQYYTFPPT,0.0912,0.3719,0.6706,0.5112,0.0059,0.2757
GFNIKDTY,IYPTDGYT,AREYGSAYYAMDY,QSVNTA,SAS,QQYYTFPPT,0.0912,0.3148,0.6138,0.3574,0.0059,0.2757
GFNIKDTY,IYPTDGYT,ATEYGSGFYAMDY,QSVSTA,SAS,QQYNTLPPT,0.0912,0.3148,0.5608,0.4025,0.0059,0.472
GFNIKDTY,IYPTDGYT,AREGGTYYYAMDY,QSVSTA,SAS,QQFYTFPPT,0.0912,0.3148,0.6998,0.4025,0.0059,0.3863
GFNIKDTY,IYPENGYT,AREYGWYFYAMDY,QSVNTA,SAS,QQYYTFPPT,0.0912,0.3719,0.6555,0.3574,0.0059,0.2757
GFNIKDTY,IYPENGYT,ATEYGSYFFAMDY,QSVSTA,SAS,QQYYTFPPT,0.0912,0.3719,0.6329,0.4025,0.0059,0.2757
GFNIKDTY,IYPSNGYT,ATEYGTYFYAMDY,QSVSTA,SAS,QQYYTTPPT,0.0912,0.3713,0.582,0.4025,0.0059,0.2565
GFNIKDTY,VYPTNGYT,ARTYGYYFYAMDY,QSVSSA,SAS,QQFYTLPPT,0.0912,0.5104,0.6581,0.5206,0.0059,0.398
GFNIKDTY,IYPTNGYT,ARELGTYFYAMDY,QSVNTA,SAS,QQYYTFPPT,0.0912,0.3023,0.6527,0.3574,0.0059,0.2757
GFNIKDTY,IYPEDGYT,ATEYGSYFYAMDY,QSVSTA,SAS,QQYYTWPPT,0.0912,0.3844,0.5279,0.4025,0.0059,0.4354
GFNIKDTY,IYPENGYT,AREYGSSFYAMDY,QSVSTA,SAS,QQYYTLPPT,0.0912,0.3719,0.5076,0.4025,0.0059,0.2874
GFNIKDTY,IYPSDGYT,ATEYGSSYYAMDY,QGVNSA,SAS,QQFYTLPPT,0.0912,0.3838,0.5763,0.6722,0.0059,0.398
GFNIKDTY,IYPTNGYT,AREYGFSFYAMDY,QSVYTA,SAS,QQYYTTPPT,0.0912,0.3023,0.6141,0.7362,0.0059,0.2565
GFNIKDTY,IYPTNGYT,ATEYGSSFYAMDY,QSVSTA,SAS,QQFYTLPPT,0.0912,0.3023,0.513,0.4025,0.0059,0.398
GFNIKDTY,IYPTNGYT,ARTYGYYYYAMDY,QGVNTA,SAS,QQYYTLPPT,0.0912,0.3023,0.7214,0.5541,0.0059,0.2874
GFNIKDTY,IYPENGYT,ATEYGHYYYAMDY,QSVNTA,SAS,QQFYTLPPT,0.0912,0.3719,0.7817,0.3574,0.0059,0.398
GFNIKDTY,IYPTDGYT,ATEYGTAFYAMDY,QSVNTA,SAS,QQYYTFPPT,0.0912,0.3148,0.6099,0.3574,0.0059,0.2757
GFNIKDTY,IYPENGYT,ATEYGRAFYAMDY,QSVSSA,SAS,QQYYTLPPT,0.0912,0.3719,0.6261,0.5206,0.0059,0.2874
GFNIKDTY,IYPTDGYT,ARTYGTYFYAMDY,QSVNSA,SAS,QQYYTFPPT,0.0912,0.3148,0.6618,0.4755,0.0059,0.2757
GFNIKDTY,IYPEDGYT,ATDYGYYFYAMDY,QSVNTA,SAS,QQYYTLPPT,0.0912,0.3844,0.6774,0.3574,0.0059,0.2874
GFNIKDTY,IYPEDGYT,ARTYGQGFYAMDY,QSVSTA,SAS,QQYYTLPPT,0.0912,0.3844,0.8098,0.4025,0.0059,0.2874
GFNIKDTY,IYPTNGYT,ATEYGFYFYAMDY,QDVSTA,SAS,QQYYTTPPT,0.0912,0.3023,0.6344,0.5564,0.0059,0.2565
GFNIKDTY,IYPTNGYT,ATEYGYYFYAMDY,QSVNSA,SAS,QQYYTFPPT,0.0912,0.3023,0.5782,0.4755,0.0059,0.2757
GFNIKDTY,IYPTNGYT,AREYGDAFYAMDY,QDVNTA,SAS,QQYYTLPPT,0.0912,0.3023,0.6439,0.5112,0.0059,0.2874
GFNIKDTY,IYPTDGYT,AREYGTSFFAMDY,QSVTTA,SAS,QQYYTLPPT,0.0912,0.3148,0.6666,0.6878,0.0059,0.2874
GFNIKDTY,IYPTNGYT,ARELGPAYYAMDY,QSVYTA,SAS,QQYYTLPPT,0.0912,0.3023,0.7809,0.7362,0.0059,0.2874
GFNIKDTY,IYPENGYT,ATEGGRGYYAMDY,QSVNTA,SAS,QQYYTLPPT,0.0912,0.3719,0.7543,0.3574,0.0059,0.2874
GFNIKDTY,IYPTNGYT,AREYGYYFYAMDY,QSVNSA,SAS,QQYYTTPPT,0.0912,0.3023,0.5728,0.4755,0.0059,0.2565
GFNIKDTY,IYPEDGYT,ATEYGSYFYAMDY,QSVNTA,SAS,QQYYTLPPT,0.0912,0.3844,0.5279,0.3574,0.0059,0.2874
GFNIKDTY,IYPTNGYT,AREYGGYYYAMDY,QSVNTA,SAS,QQYYTLPPT,0.0912,0.3023,0.6652,0.3574,0.0059,0.2874
GFNIKDTY,IYPNDGYT,ATEYGLAFYAMDY,QSVNTA,SAS,QQYYTLPPT,0.0912,0.7396,0.6776,0.3574,0.0059,0.2874
GFNIKDTY,IYPEDGYT,AREYGYYFYAMDY,QSVNTA,SAS,QQYYTTPPT,0.0912,0.3844,0.5728,0.3574,0.0059,0.2565
GFNIKDTY,IYPENGYT,ATLYGWYFYAMDY,QSVNTA,SAS,QQYYTLPPT,0.0912,0.3719,0.7511,0.3574,0.0059,0.2874
GFNIKDTY,IYPTDGYT,ATEYGSYFFAMDY,QSVNTA,SAS,QQYYTIPPT,0.0912,0.3148,0.6329,0.3574,0.0059,0.3769
GFNIKDTY,IYPSDGYT,ATEGGRSFYAMDY,QSVNTA,SAS,QQYYTFPPT,0.0912,0.3838,0.6431,0.3574,0.0059,0.2757
GFNIKDTY,IYPTDGYT,ATTYGYYYYAMDY,QSVNSA,SAS,QQYYTFPPT,0.0912,0.3148,0.7268,0.4755,0.0059,0.2757
GFNIKDTY,IYPTNGYT,AREYGYYFYAMDY,QNVNTA,SAS,QQYYSFPPT,0.0912,0.3023,0.5728,0.6614,0.0059,0.4911
GFNIKDTY,IYPTNGYT,AREYGYYFYAMDY,QSVSTA,SAS,QQFYTLPPT,0.0912,0.3023,0.5728,0.4025,0.0059,0.398
GFNIKDTY,IYPSDGYT,AREYGGGYYAMDY,QSVNSA,SAS,QQYYTFPPT,0.0912,0.3838,0.6981,0.4755,0.0059,0.2757
GFNIKDTY,IYPTNGYT,ATEGGFGFYAMDY,QSVSYA,SAS,QQFYTFPPT,0.0912,0.3023,0.7272,0.8967,0.0059,0.3863
GFNIKDTY,IYPSDGYT,ATTYGYYFYAMDY,QGVSSA,SAS,QQYYTLPPT,0.0912,0.3838,0.6635,0.7174,0.0059,0.2874
GFNIKDTY,IYPSNGYT,ATLYGSGFFAMDY,QDVNTA,SAS,QQYYTTPPT,0.0912,0.3713,0.756,0.5112,0.0059,0.2565
GFNIKDTY,IYPEDGYT,ARTYGMAYYAMDY,QSVSSA,SAS,QQYYTTPPT,0.0912,0.3844,0.8807,0.5206,0.0059,0.2565
GFNIKDTY,IYPTNGYT,AREYGSAFYAMDY,QDVSTA,SAS,QQFYTLPPT,0.0912,0.3023,0.5504,0.5564,0.0059,0.398
GFNIKDTY,IYPTNGYT,ATEYGPYWYAMDY,QSVSSA,SAS,QQYYTFPPT,0.0912,0.3023,0.8042,0.5206,0.0059,0.2757
GFNIKDTY,IYPENGNT,AREYGPGFYAMDY,QSVNTA,SAS,QQYYTLPPT,0.0912,0.8428,0.6463,0.3574,0.0059,0.2874
GFNIKDTY,IYPTNGYT,ATEYGYYFYAMDY,QGVSTA,SAS,QQYNTLPPT,0.0912,0.3023,0.5782,0.5993,0.0059,0.472
GFNIKDTW,IYPTNGYT,ATEYGYSFYAMDY,QSVSTA,SAS,QQYYTLPPT,0.2274,0.3023,0.5633,0.4025,0.0059,0.2874
GFNIKDTY,IYPTDGYT,AREGGTYFYAMDY,QSVSTA,SAS,QQYYTFPPT,0.0912,0.3148,0.6365,0.4025,0.0059,0.2757
GFNIKDTY,IYPTDGYT,AREYGWYFYAMDY,QDVNTA,SAS,QQYNTLPPT,0.0912,0.3148,0.6555,0.5112,0.0059,0.472
GFNIKDTY,IYPSDGYT,ATRYGPYFYAMDY,QSVSTA,SAS,QQYYTFPPT,0.0912,0.3838,0.6963,0.4025,0.0059,0.2757
GFNIKDTY,IYPEDGYT,ATDYGQAYYAMDY,QSVSSA,SAS,QQYYTIPPT,0.0912,0.3844,0.8876,0.5206,0.0059,0.3769
GFNIKDTY,IYPTNGYT,ARELGWAFYAMDY,QSVNTA,SAS,QQYYTFPPT,0.0912,0.3023,0.7596,0.3574,0.0059,0.2757
GFNIKDTY,VYPTDGYT,ATDYGGYFYAMDY,QSVVTA,SAS,QQYYTFPPT,0.0912,0.5229,0.7064,0.7522,0.0059,0.2757
GFNIKDTY,IYPENGYT,ATHYGSYFYAMDY,QSVNTA,SAS,QQYYTLPPT,0.0912,0.3719,0.6755,0.3574,0.0059,0.2874
GFNIKDTY,IYPENGYT,ATEYGWYFYAMDY,QGVSTA,SAS,QQYYTFPPT,0.0912,0.3719,0.6609,0.5993,0.0059,0.2757
GFNIKDTY,IYPENGYT,AREYGGAFYAMDY,QSVNTA,SAS,QQYYTIPPT,0.0912,0.3719,0.6298,0.3574,0.0059,0.3769
GFNIKDTY,IYPTNGYT,ATELGFGFYAMDY,QDVNTA,SAS,QQYYTLPPT,0.0912,0.3023,0.7435,0.5112,0.0059,0.2874
GFNIKDTY,IYPSNGYT,ARLYGSYFYAMDY,QDVNTA,SAS,QQYNTLPPT,0.0912,0.3713,0.6127,0.5112,0.0059,0.472
GFNIKDTY,IYPEDGYT,AREYGYGFYAMDY,QSVNTA,SAS,QQFNTLPPT,0.0912,0.3844,0.6057,0.3574,0.0059,0.5825
GFNIKDTY,IYPSNGYT,AREYGYAYFAMDY,QSVNTA,SAS,QQYYTTPPT,0.0912,0.3713,0.7691,0.3574,0.0059,0.2565
GFNIKDTY,IYPENGYT,ATEGGSGFYAMDY,QDVSTA,SAS,QQYYTLPPT,0.0912,0.3719,0.6207,0.5564,0.0059,0.2874
GFNIKDTY,IYPEDGYT,ARELGSYFYAMDY,QDVNSA,SAS,QQYYTLPPT,0.0912,0.3844,0.5987,0.6293,0.0059,0.2874
GFNIKDTY,IYPENGYT,ATEYGRGYFAMDY,QSVNTA,SAS,QQYNTTPPT,0.0912,0.3719,0.7994,0.3574,0.0059,0.441
GFNIKDTY,IYPENGYT,ATEGGTYFYAMDY,QSVNTA,SAS,QQYYTFPPT,0.0912,0.3719,0.6419,0.3574,0.0059,0.2757
GFNIKDTY,IYPSNGYT,ATEYGFAFYAMDY,QSVNTA,SAS,QQYYTLPPT,0.0912,0.3713,0.6623,0.3574,0.0059,0.2874
GFNIKDTY,IYPTDGYT,ATEYGTYFFAMDY,QSVSTA,SAS,QQYYTTPPT,0.0912,0.3148,0.687,0.4025,0.0059,0.2565
GFNIKDTW,IYPRNGYT,ARRGGTYYYAMDY,QSVNTA,SAS,QQYYTFPPT,0.2274,0.5869,0.7773,0.3574,0.0059,0.2757
GFNIKDTY,IYPADGYT,ATTYGSYFYAMDY,QSVNTA,SAS,QQYYTTPPT,0.0912,0.4846,0.6131,0.3574,0.0059,0.2565
GFNIKDTW,IYPTDGYT,ATEYGRYFYAMDY,QSVSTA,SAS,QQYNTIPPT,0.2274,0.3148,0.5981,0.4025,0.0059,0.5614
GFNIKDTY,IYPEDGYT,ARELGSSFYAMDY,QDVSTA,SAS,QQYYTLPPT,0.0912,0.3844,0.5837,0.5564,0.0059,0.2874
GFNIKDTY,IYPENGYT,ATEGGDYFYAMDY,QSVNSA,SAS,QQYYTFPPT,0.0912,0.3719,0.6812,0.4755,0.0059,0.2757
GFNIKDTY,IYPENGYT,AREYGSSYYAMDY,QDVNTA,SAS,QQFYTFPPT,0.0912,0.3719,0.5709,0.5112,0.0059,0.3863
GFNIKDTY,IYPENGYT,ARYYGNYYYAMDY,QSVNTA,SAS,QQYYTTPPT,0.0912,0.3719,0.8211,0.3574,0.0059,0.2565
GFNIKDTY,IYPENGYT,ATEGGRYYYAMDY,QNVNTA,SAS,QQFYTLPPT,0.0912,0.3719,0.7214,0.6614,0.0059,0.398
GFNIKDTY,IYPEDGYT,AREYGSSFYAMDY,QSVNTA,SAS,QQYYTTPPT,0.0912,0.3844,0.5076,0.3574,0.0059,0.2565
GFNIKDTY,IYPTDGYT,AREYGPSYYAMDY,QGVNTA,SAS,QQFYTLPPT,0.0912,0.3148,0.6619,0.5541,0.0059,0.398
GFNIKDTY,IYPTNGYT,AREYGRGYYAMDY,QDVNTA,SAS,QQYYTTPPT,0.0912,0.3023,0.689,0.5112,0.0059,0.2565
GFNIKDTY,IYPTNGYT,ARELGTWFYAMDY,QSVNTA,SAS,QQYYTFPPT,0.0912,0.3023,0.8158,0.3574,0.0059,0.2757
GFNIKDTY,IYPTNGYT,ATQYGSGFYAMDY,QTVNTA,SAS,QQYYTFPPT,0.0912,0.3023,0.7359,0.7297,0.0059,0.2757
GFNIKDTY,IYPTNGYT,ATEYGFSFYAMDY,QNVNTA,SAS,QQYYTTPPT,0.0912,0.3023,0.6195,0.6614,0.0059,0.2565
GFNIKDTY,IYPTNGYT,ATEYGSAFYAMDY,QSVSTA,SAS,QQYYTIPPT,0.0912,0.3023,0.5558,0.4025,0.0059,0.3769
GFNIKDTW,IYPTNGYT,AREYGNGFYAMDY,QDVNTA,SAS,QQYYTTPPT,0.2274,0.3023,0.6681,0.5112,0.0059,0.2565
GFNIKDTY,IYPTNGYT,ATEYGYAFYAMDY,QSVNTA,SAS,QQYYTLPPT,0.0912,0.3023,0.6062,0.3574,0.0059,0.2874
GFNIKDTY,IYPTNGYT,ATEYGMAFYAMDY,QTVNTA,SAS,QQYYTLPPT,0.0912,0.3023,0.7375,0.7297,0.0059,0.2874
GFNIKDTY,IYPANGYT,ARELGRSFYAMDY,QTVNTA,SAS,QQHYTTPPT,0.0912,0.472,0.654,0.7297,0.0059,0.4849
GFNIKDTY,IYPTDGYT,ATDYGSSYYAMDY,QDVSTA,SAS,QQYYTLPPT,0.0912,0.3148,0.6755,0.5564,0.0059,0.2874
GFNIKDTY,IYPTNGYT,ATKYGYSFYAMDY,QSVNTA,SAS,QQYYTIPPT,0.0912,0.3023,0.8242,0.3574,0.0059,0.3769
GFNIKDTY,IYPTNGYT,ATEYGDGFYAMDY,QSVNTA,SAS,QQYYTIPPT,0.0912,0.3023,0.6542,0.3574,0.0059,0.3769
GFNIKDTY,IYPENGYT,ARLGGSWFYAMDY,QNVSTA,SAS,QQFYTLPPT,0.0912,0.3719,0.8356,0.7065,0.0059,0.398
GFNIKDTY,IYPTDGYT,ATTYGTAFYAMDY,QGVSSA,SAS,QQFWTLPPT,0.0912,0.3148,0.6952,0.7174,0.0059,0.7497
GFNIKDTY,IYPTNGYT,ATEYGSAFFAMDY,QSVSTA,SAS,QQYYTTPPT,0.0912,0.3023,0.6608,0.4025,0.0059,0.2565
GFNIKDTY,IYPTNGYT,ATEYGYAFYAMDY,QSVNTA,SAS,QQYYTTPPT,0.0912,0.3023,0.6062,0.3574,0.0059,0.2565
GFNIKDTY,IYPTNGYT,ATTYGYYFYAMDY,QSVNTA,SAS,QQYYTTPPT,0.0912,0.3023,0.6635,0.3574,0.0059,0.2565
GFNIKDTY,IYPEDGYT,ATEYGLAFFAMDY,QDVNTA,SAS,QQYYTTPPT,0.0912,0.3844,0.7826,0.5112,0.0059,0.2565
GFNIKDTW,IYPTNGYT,ATDYGRSFYAMDY,QDVNTA,SAS,QQYYTLPPT,0.2274,0.3023,0.6824,0.5112,0.0059,0.2874
GFNIKDTY,IYPTNGYT,AREYGSFFYAMDY,QGVSTA,SAS,QQYYTFPPT,0.0912,0.3023,0.6796,0.5993,0.0059,0.2757
GFNIKDTY,VYPSDGYT,ATEYGTSYYAMDY,QDVNTA,SAS,QQYYTLPPT,0.0912,0.5919,0.6304,0.5112,0.0059,0.2874
GFNIKDTY,IYPTDGYT,ATEYGDYFYAMDY,QTVSTA,SAS,QQYYTTPPT,0.0912,0.3148,0.6213,0.7748,0.0059,0.2565
GFNIKDTY,IYPSDGYT,AREYGSSFYAMDY,QSVNTA,SAS,QQYYTTPPT,0.0912,0.3838,0.5076,0.3574,0.0059,0.2565
GFNIKDTY,VYPTNGYT,ARELGYYFYAMDY,QNVNTA,SAS,QQYYTTPPT,0.0912,0.5104,0.649,0.6614,0.0059,0.2565
GFNIKDTY,IYPSNGYT,ATEYGNSFYAMDY,QDVNSA,SAS,QQYNTLPPT,0.0912,0.3713,0.6257,0.6293,0.0059,0.472
GFNIKDTY,IYPSNGYT,ATEYGTAFYAMDY,QDVNTA,SAS,QQYYTTPPT,0.0912,0.3713,0.6099,0.5112,0.0059,0.2565
GFNIKDTW,IYPSNGYT,ATEYGMSYYAMDY,QSVNYA,SAS,QQYYTLPPT,0.2274,0.3713,0.758,0.8515,0.0059,0.2874
GFNIKDTY,IYPTNGYT,AREYGTSFYAMDY,QSVSTA,SAS,QQYYTFPPT,0.0912,0.3023,0.5617,0.4025,0.0059,0.2757
GFNIKDTY,IYPTDGYT,ATEGGTGFYAMDY,QGVNTA,SAS,QQYYTLPPT,0.0912,0.3148,0.6748,0.5541,0.0059,0.2874
GFNIKDTY,IYPTNGYT,ATEYGSSFYAMDY,QSVNTA,SAS,QQYYTFPPT,0.0912,0.3023,0.513,0.3574,0.0059,0.2757
GFNIKDTY,IYPTDGYT,ATDYGYGFYAMDY,QDVNTA,SAS,QQYYTFPPT,0.0912,0.3148,0.7103,0.5112,0.0059,0.2757
GFNIKDTY,IYPTDGYT,ATEYGTYFYAMDY,QDVSTA,SAS,QQYYTIPPT,0.0912,0.3148,0.582,0.5564,0.0059,0.3769
GFNIKDTY,IYPTNGYT,ATTYGTDFYAMDY,QNVNTA,SAS,QQFYTFPPT,0.0912,0.3023,0.7936,0.6614,0.0059,0.3863
GFNIKDTY,IYPENGYT,ATEYGLYFFAMDY,QSVNTA,SAS,QQYYTLPPT,0.0912,0.3719,0.7547,0.3574,0.0059,0.2874
GFNIKDTY,IYPSNGYT,ATEYGHSFYAMDY,QGVNTA,SAS,QQYYTFPPT,0.0912,0.3713,0.7034,0.5541,0.0059,0.2757
GFNIKDTW,IYPTNGYT,ATEYGRGFYAMDY,QDVNTA,SAS,QQYYTLPPT,0.2274,0.3023,0.631,0.5112,0.0059,0.2874
GFNIKDTY,IYPTNGYT,ATEYGGSFYAMDY,QSVNTA,SAS,QQYYTFPPT,0.0912,0.3023,0.5923,0.3574,0.0059,0.2757
GFNIKDTY,VYPTNGYT,ARELGYAFFAMDY,QSVSTA,SAS,QQYYTFPPT,0.0912,0.5104,0.7819,0.4025,0.0059,0.2757
GFNIKDTY,IYPTDGYT,ATTGGSSFYAMDY,QSVNTA,SAS,QQYYTFPPT,0.0912,0.3148,0.6581,0.3574,0.0059,0.2757
GFNIKDTY,IYPTNGYT,AREYGSAFWAMDY,QDVSTA,SAS,QQYYTIPPT,0.0912,0.3023,0.7849,0.5564,0.0059,0.3769
GFNIKDTY,IYPTNGYT,ATEYGPAFYAMDY,QSVNTA,SAS,QQYYTLPPT,0.0912,0.3023,0.6468,0.3574,0.0059,0.2874
GFNIKDTY,IYPENGYT,ARQYGKSFYAMDY,QSVSTA,SAS,QQHYTLPPT,0.0912,0.3719,0.8572,0.4025,0.0059,0.5158
GFNIKDTY,VYPTDGYT,ATEYGSSFYAMDY,QGVSTA,SAS,QQYYTLPPT,0.0912,0.5229,0.513,0.5993,0.0059,0.2874
GFNIKDTY,IYPTDGYT,ATEGGSSFYAMDY,QNVSTA,SAS,QQYYTTPPT,0.0912,0.3148,0.5729,0.7065,0.0059,0.2565
GFNIKDTY,IYPSNGYT,ATLYGSSFYAMDY,QSVNTA,SAS,QQYYTFPPT,0.0912,0.3713,0.6032,0.3574,0.0059,0.2757
GFNIKDTY,IYPENGYT,ATEGGGGFYAMDY,QSVNTA,SAS,QQYYSFPPT,0.0912,0.3719,0.7,0.3574,0.0059,0.4911
GFNIKDTW,IYPSNGYT,ATTYGSSFYAMDY,QSVSTA,SAS,QQYYTIPPT,0.2274,0.3713,0.5982,0.4025,0.0059,0.3769
GFNIKDTY,IYPSNGYT,ARRYGYYFYAMDY,QTVSTA,SAS,QQYYTIPPT,0.0912,0.3713,0.6503,0.7748,0.0059,0.3769
GFNIKDTY,IYPENGYT,ATEYGTSFYAMDY,QSVSTA,SAS,QQYYTLPPT,0.0912,0.3719,0.5671,0.4025,0.0059,0.2874
GFNIKDTY,IYPANGYT,AREYGSSFYAMDY,QDVNTA,SAS,QQYYTIPPT,0.0912,0.472,0.5076,0.5112,0.0059,0.3769
GFNIKDTY,IYPTNGYT,ATTGGSSFYAMDY,QSVSTA,SAS,QQYYTLPPT,0.0912,0.3023,0.6581,0.4025,0.0059,0.2874
GFNIKDTY,IYPANGYT,ATEYGSAFYAMDY,QDVNTA,SAS,QQYYTFPPT,0.0912,0.472,0.5558,0.5112,0.0059,0.2757
GFNIKDTY,IYPTNGYT,ATLGGSYFYAMDY,QDVNTA,SAS,QQYYTLPPT,0.0912,0.3023,0.678,0.5112,0.0059,0.2874
GFNIKDTW,IYPTNGYT,ATWLGRGYYAMDY,QSVSTA,SAS,QQYYTLPPT,0.2274,0.3023,0.9409,0.4025,0.0059,0.2874
GFNIKDTY,IYPENGYT,ATELGSSFYAMDY,QSVNTA,SAS,QQYYTTPPT,0.0912,0.3719,0.5891,0.3574,0.0059,0.2565
GFNIKDTW,IYPTNGYT,ATLLGSAFYAMDY,QDVNTA,SAS,QQYFTFPPT,0.2274,0.3023,0.7222,0.5112,0.0059,0.6802
GFNIKDTY,IYPTNGYT,ATELGSAFYAMDY,QNVNTA,SAS,QQFYTLPPT,0.0912,0.3023,0.632,0.6614,0.0059,0.398
GFNIKDTY,IYPSNGYT,ATEYGTYFFAMDY,QGVNTA,SAS,QQYNTLPPT,0.0912,0.3713,0.687,0.5541,0.0059,0.472
GFNIKDTY,IYPGNGYT,ATEYGLSFYAMDY,QSVSSA,SAS,QQYYTTPPT,0.0912,0.5922,0.6348,0.5206,0.0059,0.2565
GFNIKDTY,IYPENGYT,ATEYGSSFYAMDY,QSVNSA,SAS,QQYYTFPPT,0.0912,0.3719,0.513,0.4755,0.0059,0.2757
GFNIKDTY,IYPTNGYT,ATDYGSSFYAMDY,QDVNTA,SAS,QQYYTLPPT,0.0912,0.3023,0.6121,0.5112,0.0059,0.2874
GFNIKDTY,IYPTNGYT,ATLYGPSFYAMDY,QSVSTA,SAS,QQYYTLPPT,0.0912,0.3023,0.6941,0.4025,0.0059,0.2874
GFNIKDTY,IYPSNGYT,AREYGNSFYAMDY,QDVNTA,SAS,QQYYTTPPT,0.0912,0.3713,0.6203,0.5112,0.0059,0.2565
GFNIKDTY,IYPSNGYT,ATEYGSSFYAMDY,QSVNTA,SAS,QQYYTFPPT,0.0912,0.3713,0.513,0.3574,0.0059,0.2757
GFNIKDTY,IYPTNGYT,ARTLGSSFYAMDY,QSVSTA,SAS,QQYYSFPPT,0.0912,0.3023,0.669,0.4025,0.0059,0.4911
GFNIKDTY,IYPTDGYT,ATEYGSSFYAMDY,QSVNTA,SAS,QQYYTFPPT,0.0912,0.3148,0.513,0.3574,0.0059,0.2757
GFNIKDTY,IYPTDGYT,ATTLGPSFYAMDY,QSVSTA,SAS,QQYYTLPPT,0.0912,0.3148,0.7653,0.4025,0.0059,0.2874
GFNIKDTY,IYPTNGYT,AREYGSDFYAMDY,QDVNTA,SAS,QQYYTFPPT,0.0912,0.3023,0.6488,0.5112,0.0059,0.2757
GFNIKDTY,IYPTNGYT,ATELGSSFYAMDY,QSVNTA,SAS,QQYYTTPPT,0.0912,0.3023,0.5891,0.3574,0.0059,0.2565
GFNIKDTY,IYPTDGYT,ATEGGSGFYAMDY,QSVNSA,SAS,QQYYTFPPT,0.0912,0.3148,0.6207,0.4755,0.0059,0.2757
GFNIKDTY,IYPTNGYT,ATEGGSSFYAMDY,QSVNSA,SAS,QQYHTTPPT,0.0912,0.3023,0.5729,0.4755,0.0059,0.503
GFNIKDTY,IYPTNGYT,TRELGSSFYAMDY,QGVSTA,SAS,QQYYTLPPT,0.0912,0.3023,0.7746,0.5993,0.0059,0.2874
GFNIKDTY,IYPDNGYT,ATHYGLAFFAMDY,QDVNTA,SAS,QQHYTTPPT,0.0912,0.6779,0.9302,0.5112,0.0059,0.4849
GFNIKDTY,IYPTDGYT,AREYGSSFYAMDY,QDVNNA,SAS,QQYYTFPPT,0.0912,0.3148,0.5076,1.0384,0.0059,0.2757
GFNIKDTY,IYPTNGYT,ATEYGSAFYAMDY,QDVNTA,SAS,QQYYTLPPT,0.0912,0.3023,0.5558,0.5112,0.0059,0.2874
GFNIKDTY,IYPTNGYT,ATTYGSYFYAMDY,QDVSSA,SAS,QQFYTLPPT,0.0912,0.3023,0.6131,0.6745,0.0059,0.398
GFNIKDTY,IYPTNGYT,ATLYGYSFYAMDY,QDVTTA,SAS,QQYYTFPPT,0.0912,0.3023,0.6535,0.8416,0.0059,0.2757
GFNIKDTY,VYPENGYT,ATQYGYSFYAMDY,QDVNYA,SAS,QQFYTTPPT,0.0912,0.58,0.7384,1.0054,0.0059,0.3671
GFNIKDTY,IYPSNGYT,AREYGSYFYAMDY,QDVNSA,SAS,QQYYTTPPT,0.0912,0.3713,0.5225,0.6293,0.0059,0.2565
GFNIKDTW,IYPTDGYT,ATRLGGSFYAMDY,QSVNTA,SAS,QQYYTTPPT,0.2274,0.3148,0.7459,0.3574,0.0059,0.2565
GFNIKDTY,IYPTNGYT,ATELGSAFYAMDY,QSVSSA,SAS,QQFYTLPPT,0.0912,0.3023,0.632,0.5206,0.0059,0.398
GFNIKDTY,IYPTNGYT,ARWYGSYFYAMDY,QNVSTA,SAS,QQYYTLPPT,0.0912,0.3023,0.6928,0.7065,0.0059,0.2874
GFNIKDTY,IYPTNGYT,ATTYGPSFYAMDY,QSVSTA,SAS,QQFYTTPPT,0.0912,0.3023,0.6892,0.4025,0.0059,0.3671
GFNIKDTY,IYPSNGYT,ATDLGPSFYAMDY,QTVNTA,SAS,QQYYTTPPT,0.0912,0.3713,0.7793,0.7297,0.0059,0.2565
GFNIKDTY,IYPSSGYT,ARRYGSAFYAMDY,QSVNSA,SAS,QQYYTFPPT,0.0912,0.7934,0.6279,0.4755,0.0059,0.2757
GFNIKDTY,IYPENGYT,ATEYGFSFYAMDY,QSVSTA,SAS,QQYYTTPPT,0.0912,0.3719,0.6195,0.4025,0.0059,0.2565
GFNIKDTY,VYPENGYT,ATWYGGAFYAMDY,QDVSTA,SAS,QQYYTTPPT,0.0912,0.58,0.8055,0.5564,0.0059,0.2565
GFNIKDTY,IYPENGYT,ATTLGSSFFAMDY,QDVNTA,SAS,QQYNTTPPT,0.0912,0.3719,0.7793,0.5112,0.0059,0.441
GFNIKDTY,IYPEDGYT,ATLGGAAFYAMDY,QDVNTA,SAS,QQFYTLPPT,0.0912,0.3844,0.8372,0.5112,0.0059,0.398
GFNIKDTY,IYPTNGYT,ATYGGSYFYAMDY,QSVSTA,SAS,QQYYTFPPT,0.0912,0.3023,0.7103,0.4025,0.0059,0.2757
GFNIKDTY,IYPENGYT,ATEYGWSFYAMDY,QSVNTA,SAS,QQYYTFPPT,0.0912,0.3719,0.646,0.3574,0.0059,0.2757
GFNIKDTY,IYPTNGYT,ATRLGDAFYAMDY,QSVSTA,SAS,QQYYTFPPT,0.0912,0.3023,0.8029,0.4025,0.0059,0.2757
GFNIKDTY,VYPTNGYT,ATTGGSSFYAMDY,QGVNTA,SAS,QQYYTFPPT,0.0912,0.5104,0.6581,0.5541,0.0059,0.2757
GFNIKDTW,IYPSNSYT,ARHGGSSFYAMDY,QGVNTA,SAS,QQHNTFPPT,0.2274,0.6888,0.7151,0.5541,0.0059,0.6886
GFNIKDTY,IYPSNGYT,ATTGGSSFYAMDY,QSVSTA,SAS,QQYYTFPPT,0.0912,0.3713,0.6581,0.4025,0.0059,0.2757
GFNIKDTY,IYPTNGYT,ATEYGTSYYAMDY,QDVNTA,SAS,QQYYTFPPT,0.0912,0.3023,0.6304,0.5112,0.0059,0.2757
GFNIKDTY,IYPTNGYT,TTEYGKGFYAMDY,QDVSTA,SAS,QQYYTFPPT,0.0912,0.3023,0.9262,0.5564,0.0059,0.2757
GFNIKDTY,IYPTNGYT,ATEYGSYYYAMDY,QTVNSA,SAS,QQYYTFPPT,0.0912,0.3023,0.5913,0.8478,0.0059,0.2757
GFNIKDTY,IYPENGYT,ATTYGGSFYAMDY,QNVNTA,SAS,QQYYTFPPT,0.0912,0.3719,0.6776,0.6614,0.0059,0.2757
GFNIKDTY,IYPTNGYT,ATEGGSSFYAMDY,QGVNTA,SAS,QQYYTIPPT,0.0912,0.3023,0.5729,0.5541,0.0059,0.3769
GFNIKDTY,IYPTNGYT,ATLGGPSFYAMDY,QSVNTA,SAS,QQYYTIPPT,0.0912,0.3023,0.754,0.3574,0.0059,0.3769
GFNIKDTY,IYPADGYT,ATEGGYGYYAMDY,QSVSTA,SAS,QQYNTFPPT,0.0912,0.4846,0.7344,0.4025,0.0059,0.4602
GFNIKDTY,IYPANGYT,ATEYGGSFYAMDY,QSVNSA,SAS,QQYYTTPPT,0.0912,0.472,0.5923,0.4755,0.0059,0.2565
GFNIKDTY,IYPTNGYT,ATEGGSSFYAMDY,QDVNTA,SAS,QQFYTFPPT,0.0912,0.3023,0.5729,0.5112,0.0059,0.3863
GFNIKDTY,IYPEDGYT,ATTGGSYFYAMDY,QDVSTA,SAS,QQFYTTPPT,0.0912,0.3844,0.673,0.5564,0.0059,0.3671
GFNIKDTY,IYPTDGYT,ATESGYAYYAMDY,QDVSTA,SAS,QQYYTTPPT,0.0912,0.3148,0.8771,0.5564,0.0059,0.2565
GFNIKDTY,IYPANGYT,ATRYGSAYYAMDY,QSVNSA,SAS,QQYYTTPPT,0.0912,0.472,0.6966,0.4755,0.0059,0.2565
GFNIKDTY,IYPENGYT,ATDGGNGFYAMDY,QDVNSA,SAS,QQYYTFPPT,0.0912,0.3719,0.8326,0.6293,0.0059,0.2757
GFNIKDTW,IYPENGYT,ATRGGSGFYAMDY,QSVSTA,SAS,QQYYTFPPT,0.2274,0.3719,0.6981,0.4025,0.0059,0.2757
GFNIKDTY,IYPTNGYT,ATTGGTSFYAMDY,QDVNSA,SAS,QQYYTTPPT,0.0912,0.3023,0.7122,0.6293,0.0059,0.2565
GFNIKDTY,IYPTDGYT,ATEYGRYFYAMDY,QDVNTA,SAS,QQYYTTPPT,0.0912,0.3148,0.5981,0.5112,0.0059,0.2565
GFNIKDTY,IYPTNGYT,ATQYGSYFYAMDY,QSVNTA,SAS,QQYYTTPPT,0.0912,0.3023,0.703,0.3574,0.0059,0.2565
GFNIKDTY,IYPTDGYT,ATEYGTYFYAMDY,QNVSTA,SAS,QQYYTFPPT,0.0912,0.3148,0.582,0.7065,0.0059,0.2757
GFNIKDTY,IYPTNGYT,ATEYGASFYAMDY,QSVNTA,SAS,QQYSTFPPT,0.0912,0.3023,0.6442,0.3574,0.0059,0.6679
GFNIKDTY,VYPENGYT,ATEGGSSFYAMDY,QSVNTA,SAS,QQFYTTPPT,0.0912,0.58,0.5729,0.3574,0.0059,0.3671
GFNIKDTY,IYPTNGYT,ATEGGSDFYAMDY,QDVNSA,SAS,QQYYTLPPT,0.0912,0.3023,0.7141,0.6293,0.0059,0.2874
GFNIKDTY,VYPEDGYT,ATEGGSAFYAMDY,QDVSTA,SAS,QQYYTTPPT,0.0912,0.5925,0.6157,0.5564,0.0059,0.2565
GFNIKDTY,IYPTNGYT,TTEYGSSYYAMDY,QSVSTA,SAS,QQYYTYPPT,0.0912,0.3023,0.7672,0.4025,0.0059,0.5548
GFNIKDTY,IYPTNGYT,ATEGGNSFFAMDY,QSVNTA,SAS,QQYYTFPPT,0.0912,0.3023,0.7906,0.3574,0.0059,0.2757
GFNIKDTY,VYPENGYT,ATEGGSGFYAMDY,QSVNTA,SAS,QQYYTTPPT,0.0912,0.58,0.6207,0.3574,0.0059,0.2565
GFNIKDTY,IYPTNGYT,ATEGGSAFYAMDY,QSVNTA,SAS,QQYYTLPPT,0.0912,0.3023,0.6157,0.3574,0.0059,0.2874
GFNIKDTY,IYPTNGYT,ATEYGSSYYAMDY,QNVNSA,SAS,QQYYTLPPT,0.0912,0.3023,0.5763,0.7795,0.0059,0.2874
GFNIKDTY,IYPTDGYT,ATEGGPSYYAMDY,QSVSTA,SAS,QQYYTLPPT,0.0912,0.3148,0.7272,0.4025,0.0059,0.2874
GFNIKDTW,IYPTDGYT,ATEYGYSFYAMDY,QDVSSA,SAS,QQYYTLPPT,0.2274,0.3148,0.5633,0.6745,0.0059,0.2874
GFNIKDTY,IYPTDGYT,ATEYGSSYYAMDY,QDVSSA,SAS,QQYHTFPPT,0.0912,0.3148,0.5763,0.6745,0.0059,0.5222
GFNIKDTY,IYPTNGYT,ATEGGDGFYAMDY,QDVNTA,SAS,QQYYTFPPT,0.0912,0.3023,0.7141,0.5112,0.0059,0.2757
GFNIKDTY,IYPSDGYT,ATEGGLSFYAMDY,QSVNTA,SAS,QQYYTTPPT,0.0912,0.3838,0.6947,0.3574,0.0059,0.2565
GFNIKDTY,IYPTNGYT,ATEGGTAFFAMDY,QDVSTA,SAS,QQYYTTPPT,0.0912,0.3023,0.7748,0.5564,0.0059,0.2565
GFNIKDTY,IYPTNGYT,ATLGGSYFYAMDY,QDVNTA,SAS,QQYYTTPPT,0.0912,0.3023,0.678,0.5112,0.0059,0.2565
GFNIKDTY,IYPTNGYT,ATEGGSSFYAMDY,QNVSSA,SAS,QQHYTFPPT,0.0912,0.3023,0.5729,0.8246,0.0059,0.5041
GFNIKDTY,IYPTNGYT,ATEGGSGFYAMDY,QDVSSA,SAS,QQYYTTPPT,0.0912,0.3023,0.6207,0.6745,0.0059,0.2565
GFNIKDTW,IYPTNGYT,ATEYGYGFYAMDY,QTVNTA,SAS,QQYYTTPPT,0.2274,0.3023,0.6111,0.7297,0.0059,0.2565
GFNIKDTY,IYPTNGYT,ATEGGGAFYAMDY,QSVNSA,SAS,QQYYTTPPT,0.0912,0.3023,0.6951,0.4755,0.0059,0.2565
GFNIKDTY,IYPTNGYT,ATRGGSGYFAMDY,QSVNTA,SAS,QQYYTTPPT,0.0912,0.3023,0.8664,0.3574,0.0059,0.2565
GFNIKDTY,IYPANGYT,ATEYGSSFYAMDY,QSVSTA,SAS,QQYYTLPPT,0.0912,0.472,0.513,0.4025,0.0059,0.2874
GFNIKDTY,IYPTNGYT,ATEGGSAFFAMDY,QSVSTA,SAS,QQYYTLPPT,0.0912,0.3023,0.7207,0.4025,0.0059,0.2874
GFNIKDTY,IYPTNGYT,ATEGGYGFYAMDY,QDVSSA,SAS,QQYYTTPPT,0.0912,0.3023,0.671,0.6745,0.0059,0.2565
GFNIKDTY,IYPEDGYT,ATTGGSSFYAMDY,QDVSTA,SAS,QQFYTTPPT,0.0912,0.3844,0.6581,0.5564,0.0059,0.3671
GFNIKDTY,IYPTNGYT,ATEYGYGYYAMDY,QNVSSA,SAS,QQYYTTPPT,0.0912,0.3023,0.6745,0.8246,0.0059,0.2565
GFNIKDTY,IYPTNGYT,ATDYGTSFFAMDY,QDVNSA,SAS,QQYYTLPPT,0.0912,0.3023,0.7712,0.6293,0.0059,0.2874
GFNIKDTY,IYPTNGYT,ATEYGSSFFAMDY,QNVNSA,SAS,QQYYTTPPT,0.0912,0.3023,0.6179,0.7795,0.0059,0.2565
GFNIKDTW,IYPTNGYT,ATEGGASYYAMDY,QSVNTA,SAS,QQYYTTPPT,0.2274,0.3023,0.7675,0.3574,0.0059,0.2565
GFNIKDTY,IYPTNGYT,ATEGGYYFYAMDY,QDVSSA,SAS,QQYYTLPPT,0.0912,0.3023,0.6381,0.6745,0.0059,0.2874
GFNIKDTY,IYPADGYT,ATLGGASYYAMDY,QDVNTA,SAS,QQFYTTPPT,0.0912,0.4846,0.8577,0.5112,0.0059,0.3671
GFNIKDTY,IYPTNGYT,ATTGGGSYYAMDY,QDVSTA,SAS,QQFYTTPPT,0.0912,0.3023,0.8008,0.5564,0.0059,0.3671
GFNIKDTY,IYPEDGYT,ATDGGSAFYAMDY,QDVNTA,SAS,QQYYTLPPT,0.0912,0.3844,0.7149,0.5112,0.0059,0.2874
GFNIKDTY,IYPSNGYT,ATLGGSAFYAMDY,QSVNSA,SAS,QQFYTIPPT,0.0912,0.3713,0.7059,0.4755,0.0059,0.4875
GFNIKDTW,IYPSDGYT,ATDGGSYFYAMDY,QSVSSA,SAS,QQFYTLPPT,0.2274,0.3838,0.687,0.5206,0.0059,0.398
GFNIKDTY,IYPTDGYT,ATEGGSAFYAMDY,QDVSTA,SAS,QQFYTTPPT,0.0912,0.3148,0.6157,0.5564,0.0059,0.3671
GFNIKDTY,IYPTNGYT,ATEGGSSYYAMDY,QDVSSA,SAS,QQYYTLPPT,0.0912,0.3023,0.6362,0.6745,0.0059,0.2874
GFNIKDTY,IYPTNGYT,ATEGGSAFYAMDY,QGVNTA,SAS,QQYYTTPPT,0.0912,0.3023,0.6157,0.5541,0.0059,0.2565
GFNIKDTY,IYPTNGYT,ATEGGSAYYAMDY,QDVNTA,SAS,QQFYTLPPT,0.0912,0.3023,0.6791,0.5112,0.0059,0.398
GFNIKDTY,IYPTDGYT,ATEYGDSFYAMDY,QDVSTA,SAS,QQYYTTPPT,0.0912,0.3148,0.6064,0.5564,0.0059,0.2565
GFNIKDTY,IYPTNGYT,ATEGGSAFYAMDY,QNVNTA,SAS,QQHYTLPPT,0.0912,0.3023,0.6157,0.6614,0.0059,0.5158
GFNIKDTY,IYPTDGYT,ATEYGSGFYAMDY,QDVNTA,SAS,QQFYTFPPT,0.0912,0.3148,0.5608,0.5112,0.0059,0.3863
GFNIKDTY,IYPTNGYT,ATEGGESFYAMDY,QDVSSA,SAS,QQYYTFPPT,0.0912,0.3023,0.775,0.6745,0.0059,0.2757
GFNIKDTY,IYPTNGYT,ATEGGSAFFAMDY,QNVSSA,SAS,QQYYTTPPT,0.0912,0.3023,0.7207,0.8246,0.0059,0.2565
GFNIKDTY,IYPEDGYT,ATEGGSAYYAMDY,QDVSTA,SAS,QQFYTLPPT,0.0912,0.3844,0.6791,0.5564,0.0059,0.398
GFNIKDTY,IYPEDGYT,ATEYGYAYYAMDY,QDVNTA,SAS,QQYNTFPPT,0.0912,0.3844,0.6695,0.5112,0.0059,0.4602
GFNIKDTY,IYPENGYT,ATEYGSSYYAMDY,QSVNSA,SAS,QQYYTIPPT,0.0912,0.3719,0.5763,0.4755,0.0059,0.3769
GFNIKDTY,IYPTNGYT,ATTGGSAFYAMDY,QNVSTA,SAS,QQFYTLPPT,0.0912,0.3023,0.701,0.7065,0.0059,0.398
GFNIKDTW,IYPTNGYT,ATEGGYGFYAMDY,QDVSTA,SAS,QQYYTFPPT,0.2274,0.3023,0.671,0.5564,0.0059,0.2757
GFNIKDTY,IYPTNGYT,ATEYGSSFYAMDY,QDVSTA,SAS,QQYYTLPPT,0.0912,0.3023,0.513,0.5564,0.0059,0.2874
GFNIKDTY,IYPTNGYT,ATEGGRSYYAMDY,QDVNSA,SAS,QQYNTFPPT,0.0912,0.3023,0.7065,0.6293,0.0059,0.4602
GFNIKDTY,IYPTNGYT,ATEYGSSFYAMDY,QDVSSA,SAS,QQYYTLPPT,0.0912,0.3023,0.513,0.6745,0.0059,0.2874
GFNIKDTY,IYPSNGYT,ATEGGSDFYAMDY,QSVNTA,SAS,QQFYTLPPT,0.0912,0.3713,0.7141,0.3574,0.0059,0.398
GFNIKDTY,IYPSNGYT,ATEGGVFFYAMDY,QDVSTA,SAS,QQFYTLPPT,0.0912,0.3713,0.9606,0.5564,0.0059,0.398
GFNIKDTY,IYPTNGYT,ATEGGSSFYAMDY,QSVSTA,SAS,QQYYTTPPT,0.0912,0.3023,0.5729,0.4025,0.0059,0.2565
GFNIKDTY,IYPTDGYT,ATNGGSSFYAMDY,QDVNTA,SAS,QQFYTTPPT,0.0912,0.3148,0.8217,0.5112,0.0059,0.3671
GFNIKDTY,IYPTNGYT,ATEGGSGFYAMDY,QSVNTA,SAS,QQYYTTPPT,0.0912,0.3023,0.6207,0.3574,0.0059,0.2565
GFNIKDTY,IYPTNGYT,ATEGGSSYFAMDY,QDVNTA,SAS,QQYYTTPPT,0.0912,0.3023,0.7412,0.5112,0.0059,0.2565
GFNIKDTY,IYPTDGYT,ATDYGNSFYAMDY,QDVSTA,SAS,QQFYTFPPT,0.0912,0.3148,0.7249,0.5564,0.0059,0.3863
GFNIKDTY,IYPTNGYT,ATHGGTSFYAMDY,QDVSSA,SAS,QQYYTFPPT,0.0912,0.3023,0.7746,0.6745,0.0059,0.2757
GFNIKDTY,IYPTNGYT,ATDYGTAYYAMDY,QDVSTA,SAS,QQFYTFPPT,0.0912,0.3023,0.7725,0.5564,0.0059,0.3863
GFNIKDTY,IYPTDGYT,ATEGGSAYYAMDY,QSVSTA,SAS,QQYYTFPPT,0.0912,0.3148,0.6791,0.4025,0.0059,0.2757
GFNIKDTY,IYPENGYT,ATEGGYGFYAMDY,QSVSTA,SAS,QQYYTTPPT,0.0912,0.3719,0.671,0.4025,0.0059,0.2565
GFNIKDTY,IYPTNGYT,ATEGGYSFYAMDY,QDVTTA,SAS,QQYHTTPPT,0.0912,0.3023,0.6232,0.8416,0.0059,0.503
GFNIKDTW,IYPTNGYT,ATEYGSAFYAMDY,QGVNTA,SAS,QQYHTTPPT,0.2274,0.3023,0.5558,0.5541,0.0059,0.503
GFNIKDTY,IYPENGYT,ATTGGLAFYAMDY,QSVNTA,SAS,QQYYTFPPT,0.0912,0.3719,0.8228,0.3574,0.0059,0.2757
GFNIKDTY,IYPTDGYT,ATTGGPAFYAMDY,QDVSTA,SAS,QQYYTTPPT,0.0912,0.3148,0.7919,0.5564,0.0059,0.2565
GFNIKDTY,IYPTDGYT,ATEGGSSFFAMDY,QSVNSA,SAS,QQYYTIPPT,0.0912,0.3148,0.6778,0.4755,0.0059,0.3769
GFNIKDTY,IYPRNGYT,ATDGGFAYYAMDY,QDVNTA,SAS,QQYYTLPPT,0.0912,0.5869,0.8848,0.5112,0.0059,0.2874
GFNIKDTW,IYPSNGYT,TTEGGSSFYAMDY,QNVNTA,SAS,QQYNTLPPT,0.2274,0.3713,0.7637,0.6614,0.0059,0.472
GFNIKDTW,IYPTDGYT,ATEGGSYWYAMDY,QDVNTA,SAS,QQYYTFPPT,0.2274,0.3148,0.7732,0.5112,0.0059,0.2757
GFNIKDTY,IYPTDGYT,ATDGGSYFYAMDY,QDVSTA,SAS,QQYYTLPPT,0.0912,0.3148,0.687,0.5564,0.0059,0.2874
GFNIKDTY,IYPSNGYT,ATEGGGAYYAMDY,QSVYTA,SAS,QQYYTFPPT,0.0912,0.3713,0.7584,0.7362,0.0059,0.2757
GFNIKDTY,IYPTNGYT,ATQGGSSFYAMDY,QDVNSA,SAS,QQFYTTPPT,0.0912,0.3023,0.748,0.6293,0.0059,0.3671
GFNIKDTY,IYPANGYT,ATTGGSGFYAMDY,QGVSSA,SAS,QQYYTLPPT,0.0912,0.472,0.7059,0.7174,0.0059,0.2874
GFNIKDTY,IYPENGYT,ATRGGSGFFAMDY,QDVNTA,SAS,QQYYTVPPT,0.0912,0.3719,0.8031,0.5112,0.0059,0.453
GFNIKDTW,IYPEDGYT,ATEGGSGYYAMDY,QDVSSA,SAS,QQYYTLPPT,0.2274,0.3844,0.684,0.6745,0.0059,0.2874
GFNIKDTY,IYPSNGYT,ATEGGRAYYAMDY,QDVNTA,SAS,QQYYTLPPT,0.0912,0.3713,0.7493,0.5112,0.0059,0.2874
GFNIKDTY,IYPTNGYT,ATEGGRAFYAMDY,QDVSSA,SAS,QQYNTIPPT,0.0912,0.3023,0.686,0.6745,0.0059,0.5614
GFNIKDTY,IYPTDGYT,ATEGGWSFYAMDY,QDVSSA,SAS,QQYYTLPPT,0.0912,0.3148,0.7059,0.6745,0.0059,0.2874
GFNIKDTY,IYPTNGYT,ATEGGHGFYAMDY,QSVSTA,SAS,QQYYTTPPT,0.0912,0.3023,0.8111,0.4025,0.0059,0.2565
GFNIKDTY,IYPTDGYT,ATEGGSAFYAMDY,QSVNTA,SAS,QQYYTFPPT,0.0912,0.3148,0.6157,0.3574,0.0059,0.2757
GFNIKDTY,IYPENGYT,ATEGGRGFYAMDY,QDVNTA,SAS,QQYYTTPPT,0.0912,0.3719,0.6909,0.5112,0.0059,0.2565
GFNIKDTY,IYPTNGYT,ATEGGYSYYAMDY,QDVNSA,SAS,QQFYTWPPT,0.0912,0.3023,0.6866,0.6293,0.0059,0.546
GFNIKDTY,IYPANGYT,ATEYGRAYYAMDY,QDVSTA,SAS,QQYHTLPPT,0.0912,0.472,0.6894,0.5564,0.0059,0.5339
GFNIKDTY,IYPTDGYT,ATEYGSAFYAMDY,QDVNSA,SAS,QQYYTFPPT,0.0912,0.3148,0.5558,0.6293,0.0059,0.2757
GFNIKDTW,IYPSDGYT,ATEGGSSWHAMDY,QDVSTA,SAS,QQYYTIPPT,0.2274,0.3838,1.0485,0.5564,0.0059,0.3769
GFNIKDTY,IYPENGYT,ATEYGWYYYAMDY,QNVNSA,SAS,QQYYTLPPT,0.0912,0.3719,0.7243,0.7795,0.0059,0.2874
GFNIKDTY,IYPTDGYT,ATEGGRSFYAMDY,QSVNTA,SAS,QQYYTTPPT,0.0912,0.3148,0.6431,0.3574,0.0059,0.2565
GFNIKDTY,IYPTNGYT,ATRGGSSFYAMDY,QDVNTA,SAS,QQYYTTPPT,0.0912,0.3023,0.6503,0.5112,0.0059,0.2565
GFNIKDTY,IYPTNGYT,ATDGGRGYYAMDY,QNVNTA,SAS,QQYYTLPPT,0.0912,0.3023,0.8535,0.6614,0.0059,0.2874
GFNIKDTY,IYPSNGYT,ATEGGSAFYAMDY,QSVSTA,SAS,QQYYTFPPT,0.0912,0.3713,0.6157,0.4025,0.0059,0.2757
GFNIKDTY,IYPTNGYT,ATRGGSGFYAMDY,QDVSTA,SAS,QQFNTLPPT,0.0912,0.3023,0.6981,0.5564,0.0059,0.5825
GFNIKDTY,IYPTNGYT,ATEGGSYFYAMDY,QSVNTA,SAS,QQFNTLPPT,0.0912,0.3023,0.5878,0.3574,0.0059,0.5825
GFNIKDTY,IYPTNGYT,ATEYGSYYFAMDY,QSVNTA,SAS,QQYYSLPPT,0.0912,0.3023,0.6962,0.3574,0.0059,0.5028
GFNIKDTY,VYPTNGYT,ATRLGSSFYAMDY,QSVNTA,SAS,QQYYTLPPT,0.0912,0.5104,0.6666,0.3574,0.0059,0.2874
GFNIKDTY,IYPSNGYT,ATEGGNSFYAMDY,QDVNTA,SAS,QQYYTLPPT,0.0912,0.3713,0.6856,0.5112,0.0059,0.2874
GFNIKDTY,IYPENGYT,ATEGGNSYYAMDY,QSVSTA,SAS,QQYYTIPPT,0.0912,0.3719,0.749,0.4025,0.0059,0.3769
GFNIKDTY,IYPTDGYP,ATEYGSSFFAMDY,QDVNTA,SAS,QQYYTFPPT,0.0912,0.9059,0.6179,0.5112,0.0059,0.2757
GFNIKDTY,IYPTDGYT,ATEGGSYFYAMDY,QSVNSA,SAS,QQYYTFPPT,0.0912,0.3148,0.5878,0.4755,0.0059,0.2757
GFNIKDTY,IYPTNGYT,ATEYGQGFFAMDY,QSVNTA,SAS,QQYYTFPPT,0.0912,0.3023,0.8349,0.3574,0.0059,0.2757
GFNIKDTY,IYPANGYT,ATEGGNGFYAMDY,QSVSTA,SAS,QQYYTTPPT,0.0912,0.472,0.7334,0.4025,0.0059,0.2565
GFNIKDTW,VYPTNGYT,ATEYGSSFYAMDY,QSVNTA,SAS,QQYYTLPPT,0.2274,0.5104,0.513,0.3574,0.0059,0.2874
GFNIKDTY,IYPANGYT,ATEGGNAFYAFDY,QNVNTA,SAS,QQYYTTPPT,0.0912,0.472,1.0108,0.6614,0.0059,0.2565
GFNIKDTY,IYPSNGYT,ATEGGMAFYAMDY,QSVSTA,SAS,QQYYTFPPT,0.0912,0.3713,0.7974,0.4025,0.0059,0.2757
GFNIKDTY,IYPSNGYT,ATEYGHYFYAMDY,QSVSTA,SAS,QQYYTFPPT,0.0912,0.3713,0.7183,0.4025,0.0059,0.2757
GFNIKDTY,VYPEDGYT,ATRLGYYFYAMDY,QSVNTA,SAS,QQYNTFPPT,0.0912,0.5925,0.7318,0.3574,0.0059,0.4602
GFNIKDTY,IYPTNSYT,ATEYGPSYFAMDY,QDVNTA,SAS,QQYYTFPPT,0.0912,0.6198,0.7723,0.5112,0.0059,0.2757
GFNIKDTY,IYPTNGYT,ATEYGSYYYAMDY,QDVNTA,SAS,QQFYTFPPT,0.0912,0.3023,0.5913,0.5112,0.0059,0.3863
GFNIKDTY,IYPTNGYT,ATEGGNGFYAMDY,QSVNTA,SAS,QQYYTFPPT,0.0912,0.3023,0.7334,0.3574,0.0059,0.2757
GFNIKDTY,IYPTNGYT,ATEYGYAYFAMDY,QSVSTA,SAS,QQYYTFPPT,0.0912,0.3023,0.7745,0.4025,0.0059,0.2757
GFNIKDTY,IYPTNGYT,ATDLGYAFYAMDY,QSVNSA,SAS,QQYYTFPPT,0.0912,0.3023,0.7815,0.4755,0.0059,0.2757
GFNIKDTY,IYPTNGYT,ATELGPSFYAMDY,QSVNTA,SAS,QQYYTWPPT,0.0912,0.3023,0.6801,0.3574,0.0059,0.4354
GFNIKDTY,IYPTNGYT,ATEYGSAYYAMDY,QSVVTA,SAS,QQYYTFPPT,0.0912,0.3023,0.6192,0.7522,0.0059,0.2757
GFNIKDTY,IYPTNGYT,ATEGGYAFYAMDY,QDVSSA,SAS,QQYYTLPPT,0.0912,0.3023,0.6661,0.6745,0.0059,0.2874
GFNIKDTY,IYPSNGYT,ATEGGRSFYAMDY,QSVSTA,SAS,QQYYTTPPT,0.0912,0.3713,0.6431,0.4025,0.0059,0.2565
GFNIKDTY,IYPTNGYT,ATEGGRSFFAMDY,QSVNFA,SAS,QQFYTFPPT,0.0912,0.3023,0.7481,0.8503,0.0059,0.3863
GFNIKDTY,IYPTNGYT,ATEYGRYFFAMDY,QSVNSA,SAS,QQYYTTPPT,0.0912,0.3023,0.7031,0.4755,0.0059,0.2565
GFNIKDTY,IYPENGYT,ATEYGSDYYAMDY,QSVNTA,SAS,QQFYTTPPT,0.0912,0.3719,0.7176,0.3574,0.0059,0.3671
GFNIKDTY,IYPTNGYT,ATEYGSAYFAMDY,QSVNTA,SAS,QQYYTLPPT,0.0912,0.3023,0.7242,0.3574,0.0059,0.2874
GFNIKDTY,VYPEDGYT,ATEGGYAFFAMDY,QDVNTA,SAS,QQYYTTPPT,0.0912,0.5925,0.771,0.5112,0.0059,0.2565
GFNIKDTY,IYPSDGYT,ATEGGGYFFAMDY,QDVNTA,SAS,QQYYTTPPT,0.0912,0.3838,0.7721,0.5112,0.0059,0.2565
GFNIKDTY,IYPTDGYT,ATEGGSAFYAMDY,QSVNTA,SAS,QQFNTTPPT,0.0912,0.3148,0.6157,0.3574,0.0059,0.5516
GFNIKDTW,IYPENGYT,ATEGGRHFFAMDY,QSVNTA,SAS,QQYYTLPPT,0.2274,0.3719,0.9674,0.3574,0.0059,0.2874
GFNIKDTY,IYPEDGYT,ATEGGSYYYAMDY,QDVNTA,SAS,QQYYTIPPT,0.0912,0.3844,0.6511,0.5112,0.0059,0.3769
GFNIKDTY,IYPTDGYT,ATEYGPGYFAMDY,QDVNTA,SAS,QQYHTTPPT,0.0912,0.3148,0.8201,0.5112,0.0059,0.503
GFNIKDTY,IYPTDGYT,ATEGGSDFYAMDY,QSVSTA,SAS,QQFYTFPPT,0.0912,0.3148,0.7141,0.4025,0.0059,0.3863
GFNIKDTY,IYPADGYT,ATEGGYAFYAMDY,QSVNSA,SAS,QQYHSFPPT,0.0912,0.4846,0.6661,0.4755,0.0059,0.7375
GFNIKDTY,IYPSNGYT,ATEYGSSFYAMDY,QDVNTA,SAS,QQYYTFPPT,0.0912,0.3713,0.513,0.5112,0.0059,0.2757
GFNIKDTY,IYPTDGYT,ATEYGSFFYAMDY,QSVNSA,SAS,QQYYTFPPT,0.0912,0.3148,0.685,0.4755,0.0059,0.2757
GFNIKDTY,IYPANGYT,ATDYGYSFYAMDY,QDVNTA,SAS,QQFYTFPPT,0.0912,0.472,0.6625,0.5112,0.0059,0.3863
GFNIKDTY,IYPENGYT,ATRYGDSFYAMDY,QSVNTA,SAS,QQYYTLPPT,0.0912,0.3719,0.6838,0.3574,0.0059,0.2874
GFNIKDTY,IYPENGYT,ATEGGSAFYAMDY,QGVSTA,SAS,QQYYTFPPT,0.0912,0.3719,0.6157,0.5993,0.0059,0.2757
GFNIKDTS,IYPTNGYT,ATEGGYGYYAMDY,QSVNTA,SAS,QQFNTLPPT,0.3662,0.3023,0.7344,0.3574,0.0059,0.5825
GFNIKDTY,IYPENGYT,ATYGGRAYFAMDY,QSVNTA,SAS,QQFYTLPPT,0.0912,0.3719,0.9768,0.3574,0.0059,0.398
GFNIKDTY,IYPTDGYT,ATEYGRAFYAMDY,QSVSTA,SAS,QQYYTLPPT,0.0912,0.3148,0.6261,0.4025,0.0059,0.2874
GFNIKDTY,IYPANGYT,ATEYGYYFYAMDY,QSVSTA,SAS,QQYYTFPPT,0.0912,0.472,0.5782,0.4025,0.0059,0.2757
GFNIKDTY,IYPTNGYT,ATEGGSYFYAMDY,QDVNSA,SAS,QQFYTFPPT,0.0912,0.3023,0.5878,0.6293,0.0059,0.3863
GFNIKDTY,IYPTNGYT,ATEGGVYFYAMDY,QSVNTA,SAS,QQYYTFPPT,0.0912,0.3023,0.8035,0.3574,0.0059,0.2757
GFNIKDTY,IYPRNGYT,ATELGSDFYAMDY,QSVSTA,SAS,QQYYTLPPT,0.0912,0.5869,0.7304,0.4025,0.0059,0.2874
GFNIKDTY,IYPTNGYT,ATEYGTYFYAMDY,QSVNTA,SAS,QQYYTLPPT,0.0912,0.3023,0.582,0.3574,0.0059,0.2874
GFNIKDTY,IYPTNGYT,ATEYGSYFYAMDY,QSVNTA,SAS,QQYYTLPPT,0.0912,0.3023,0.5279,0.3574,0.0059,0.2874
GFNIKDTY,IYPTDGYT,ATEGGYGFYAMDY,QSVNSA,SAS,QQYYTLPPT,0.0912,0.3148,0.671,0.4755,0.0059,0.2874
GFNIKDTY,IYPSNGYT,ATEGGSAFFAMDY,QGVNTA,SAS,QQYYTTPPT,0.0912,0.3713,0.7207,0.5541,0.0059,0.2565
GFNIKDTY,IYPTDGYT,ATDGGTYFYAMDY,QDVNTA,SAS,QQYYTFPPT,0.0912,0.3148,0.7411,0.5112,0.0059,0.2757
GFNIKDTY,IYPRNGYT,ATEGGTAFYAMDY,QSVSSA,SAS,QQFYTFPPT,0.0912,0.5869,0.6698,0.5206,0.0059,0.3863
GFNIKDTY,IYPTNGYT,ATEGGYYFYAMDY,QSVTSA,SAS,QQHYTLPPT,0.0912,0.3023,0.6381,0.8059,0.0059,0.5158
GFNIKDTY,IYPEDGYT,ATELGRYFYAMDY,QSVSTA,SAS,QQYYTTPPT,0.0912,0.3844,0.6743,0.4025,0.0059,0.2565
GFNIKDTY,IYPSDGYT,ATEGGSSFYAMDY,QSVSTA,SAS,QQYYTLPPT,0.0912,0.3838,0.5729,0.4025,0.0059,0.2874
GFNIKDTY,IYPTNGYT,ATDYGSSFYAMDY,QSVNSA,SAS,QQYYTTPPT,0.0912,0.3023,0.6121,0.4755,0.0059,0.2565
GFNIKDTY,IYPTNGYT,ATEGGSAFYAMDY,QDVNTA,SAS,QQYYTIPPT,0.0912,0.3023,0.6157,0.5112,0.0059,0.3769
GFNIKDTY,IYPTNGYT,ATDYGSYFYAMDY,QSVNSA,SAS,QQYYTFPPT,0.0912,0.3023,0.6271,0.4755,0.0059,0.2757
GFNIKDTY,IYPEDGYT,ATEGGRAYYAMDY,QSVNSA,SAS,QQYYTLPPT,0.0912,0.3844,0.7493,0.4755,0.0059,0.2874
GFNIKDTY,IYPENGYT,ATEGGGYNYAMDY,QSVNTA,SAS,QQYYTLPPT,0.0912,0.3719,0.9916,0.3574,0.0059,0.2874
GFNIKDTY,IYPTNGYT,ATELGSYFYAMDY,QSVNTA,SAS,QQYYTTPPT,0.0912,0.3023,0.6041,0.3574,0.0059,0.2565
GFNIKDTY,IYPEDGYT,ATEGGGYFFAMDY,QDVNSA,SAS,QQFYTLPPT,0.0912,0.3844,0.7721,0.6293,0.0059,0.398
GFNIKDTY,IYPTNGYT,ATELGASFYAMDY,QTVNTA,SAS,QQYYTTPPT,0.0912,0.3023,0.7204,0.7297,0.0059,0.2565
GFNIKDTY,IYPTNGYT,ATEGGSYFYAMDY,QSVNTA,SAS,QQYYTWPPT,0.0912,0.3023,0.5878,0.3574,0.0059,0.4354
GFNIKDTY,IYPTNGYT,ATEYGSAYFAMDY,QSVSTA,SAS,QQYYTLPPT,0.0912,0.3023,0.7242,0.4025,0.0059,0.2874
GFNIKDTY,IYPTNGYT,ATEGGTSYYAMDY,QSVNYA,SAS,QQYYTLPPT,0.0912,0.3023,0.6903,0.8515,0.0059,0.2874
GFNIKDTY,IYPENGYT,ATEGGSYFFAMDY,QNVNTA,SAS,QQYYTLPPT,0.0912,0.3719,0.6928,0.6614,0.0059,0.2874
GFNIKDTW,IYPTNGYT,ATEGGGYFFAMDY,QSVSIA,SAS,QQYYTIPPT,0.2274,0.3023,0.7721,0.9075,0.0059,0.3769
GFNIKDTY,IYPTDGYT,ATELGPAYYAMDY,QGVNTA,SAS,QQFYTLPPT,0.0912,0.3148,0.7863,0.5541,0.0059,0.398
GFNIKDTY,IYPTNGYT,ATTYGRSFYAMDY,QSVSTA,SAS,QQYYTTPPT,0.0912,0.3023,0.6685,0.4025,0.0059,0.2565
GFNIKDTS,IYPENGYT,ATEGGSDFYAMDY,QSVNTA,SAS,QQHYTLPPT,0.3662,0.3719,0.7141,0.3574,0.0059,0.5158
GFNIKDTY,IYPENGYT,ATDGGSYYYAMDY,QSVNTA,SAS,QQYYTFPPT,0.0912,0.3719,0.7503,0.3574,0.0059,0.2757
GFNIKDTY,IYPENGYT,ATDGGSGFFAMDY,QDVNTA,SAS,QQYNTTPPT,0.0912,0.3719,0.8248,0.5112,0.0059,0.441
GFNIKDTY,IYPTNGYT,ATEGGSSFFAMDY,QSVNSA,SAS,QQYYTLPPT,0.0912,0.3023,0.6778,0.4755,0.0059,0.2874
GFNIKDTY,IYPSNGYT,ATRSGSYFYAMDY,QSVSTA,SAS,QQYYTFPPT,0.0912,0.3713,0.8129,0.4025,0.0059,0.2757
GFNIKDTY,IYPTNGYT,ATEGGDGFFAMDY,QSVSSA,SAS,QQFYTFPPT,0.0912,0.3023,0.8191,0.5206,0.0059,0.3863
GFNIKDTY,IYPTDGYT,ATDGGYSYYAMDY,QSVNTA,SAS,QQFNTTPPT,0.0912,0.3148,0.7857,0.3574,0.0059,0.5516
GFNIKDTY,IYPENGYT,ATEYGTYFFAMDY,QSVVTA,SAS,QQYYTLPPT,0.0912,0.3719,0.687,0.7522,0.0059,0.2874
GFNIKDTY,IYPTNGYT,ATEGGSAFYAMDY,QSVNTA,SAS,QQYNTLPPT,0.0912,0.3023,0.6157,0.3574,0.0059,0.472
GFNIKDTY,IYPTDGYT,ATDYGDYFFAMDY,QSVSTA,SAS,QQFYTTPPT,0.0912,0.3148,0.8255,0.4025,0.0059,0.3671
GFNIKDTY,IYPENGYT,ATEGGTGFYAMDY,QDVNTA,SAS,QQFYTFPPT,0.0912,0.3719,0.6748,0.5112,0.0059,0.3863
GFNIKDTY,IYPENGYT,ATEGGLSFYAMDY,QDVNSA,SAS,QQFYTLPPT,0.0912,0.3719,0.6947,0.6293,0.0059,0.398
GFNIKDTY,IYPTNGYT,ATTGGRNYYAMDY,QSVSSA,SAS,QQHNTFPPT,0.0912,0.3023,0.9795,0.5206,0.0059,0.6886
GFNIKDTY,IYPENGYT,ATEYGYAFFAMDY,QSVNTA,SAS,QQYYTLPPT,0.0912,0.3719,0.7111,0.3574,0.0059,0.2874
GFNIKDTY,IYPTNGYT,STEGGVSFYAMDY,QSVSTA,SAS,QQYNTFPPT,0.0912,0.3023,1.0819,0.4025,0.0059,0.4602
GFNIKDTY,IYPTDGYT,ATDGGYAYYAMDY,QDVSTA,SAS,QQYYSFPPT,0.0912,0.3148,0.8286,0.5564,0.0059,0.4911
GFNIKDTY,IYPENGYT,ATVYGSYYFAMDY,QSVSSA,SAS,QQYYTLPPT,0.0912,0.3719,0.9381,0.5206,0.0059,0.2874
GFNIKDTW,IYPRNGYT,ATEYGADFYAMDY,QSVSTA,SAS,QQYYTFPPT,0.2274,0.5869,0.7855,0.4025,0.0059,0.2757
GFNIKDTY,IYPTNGYT,ATRGGYGFYAMDY,QSVSTA,SAS,QQYYTTPPT,0.0912,0.3023,0.7484,0.4025,0.0059,0.2565
GFNIKDTY,IYPTNGYT,ATEGGSAFYAMDY,QSVSTA,SAS,QQYYTLPPT,0.0912,0.3023,0.6157,0.4025,0.0059,0.2874
GFNIKDTY,IYPTNGYT,ATEYGSSFYAMDY,QSVNTA,SAS,QQFYTTPPT,0.0912,0.3023,0.513,0.3574,0.0059,0.3671
GFNIKDTY,IYPTDGYT,ATEGGSSFFAMDY,QDVSTA,SAS,QQYNTFPPT,0.0912,0.3148,0.6778,0.5564,0.0059,0.4602
GFNIKDTY,IYPTNGYT,ATEGGSAFFAMDY,QSVNTA,SAS,QQYYTLPPT,0.0912,0.3023,0.7207,0.3574,0.0059,0.2874
GFNIKDTY,IYPTDGYT,ATTGGRYWYAMDY,QSVNTA,SAS,QQYYTLPPT,0.0912,0.3148,0.9286,0.3574,0.0059,0.2874
GFNIKDTY,IYPTDGYT,ATEYGSYFYAMDY,QGVNTA,SAS,QQFYTLPPT,0.0912,0.3148,0.5279,0.5541,0.0059,0.398
GFNIKDTY,IYPANGYT,AREYGYAFYAMDY,QSVSSA,SAS,QQYYTLPPT,0.0912,0.472,0.6008,0.5206,0.0059,0.2874
GFNIKDTY,IYPSNGYT,ATEYGSSFYAMDY,QDVNTA,SAS,QQYYTLPPT,0.0912,0.3713,0.513,0.5112,0.0059,0.2874
GFNIKDTY,IYPENGYT,ARTGGSAFYAMDY,QSVSSA,SAS,QQYYTFPPT,0.0912,0.3719,0.6956,0.5206,0.0059,0.2757
GFNIKDTY,IYPANGYT,AREYGSGFYAMDY,QDVNSA,SAS,QQFYTLPPT,0.0912,0.472,0.5554,0.6293,0.0059,0.398
GFNIKDTY,IYPSNGYT,ATEGGSYFYAMDY,QSVSTA,SAS,QQYYTIPPT,0.0912,0.3713,0.5878,0.4025,0.0059,0.3769
GFNIKDTY,IYPENGYT,ATEGGNSFYAMDY,QSVNTA,SAS,QQYYTLPPT,0.0912,0.3719,0.6856,0.3574,0.0059,0.2874
GFNIKDTY,IYPTNGYT,ARDYGSYYYAMDY,QSVSSA,SAS,QQYYTTPPT,0.0912,0.3023,0.685,0.5206,0.0059,0.2565
GFNIKDTY,IYPTDGYT,ATEYGGAWYAMDY,QSVNSA,SAS,QQYNTFPPT,0.0912,0.3148,0.8206,0.4755,0.0059,0.4602
GFNIKDTY,IYPSNGYT,AREGGYYFYAMDY,QDVNSA,SAS,QQYYTLPPT,0.0912,0.3713,0.6327,0.6293,0.0059,0.2874
GFNIKDTY,IYPSNGYT,AREYGPYFFAMDY,QSVNTA,SAS,QQYYTTPPT,0.0912,0.3713,0.7184,0.3574,0.0059,0.2565
GFNIKDTY,IYPTNGYT,AREGGRYFYAMDY,QDVNTA,SAS,QQYYTLPPT,0.0912,0.3023,0.6526,0.5112,0.0059,0.2874
GFNIKDTY,IYPSNGYT,ATEYGTAFYAMDY,QGVSSA,SAS,QQYYTLPPT,0.0912,0.3713,0.6099,0.7174,0.0059,0.2874
GFNIKDTY,IYPTDGYT,ARELGTAFYAMDY,QGVNTA,SAS,QQFYTTPPT,0.0912,0.3148,0.6807,0.5541,0.0059,0.3671
GFNIKDTY,IYPTDGYT,ARTYGDGFYAMDY,QGVSSA,SAS,QQYYTTPPT,0.0912,0.3148,0.7341,0.7174,0.0059,0.2565
GFNIKDTW,IYPTNGYT,ATEYGSYYFAMDY,QSVYTA,SAS,QQYNTTPPT,0.2274,0.3023,0.6962,0.7362,0.0059,0.441
GFNIKDTY,IYPENGYT,AREGGRYFYAMDY,QSVNTA,SAS,QQYYTTPPT,0.0912,0.3719,0.6526,0.3574,0.0059,0.2565
GFNIKDTY,IYPTNGYT,AREYGSWFFAMDY,QSVSSA,SAS,QQYYTLPPT,0.0912,0.3023,0.7905,0.5206,0.0059,0.2874
GFNIKDTY,IYPTNGYT,ANEYGTYFYAMDY,QSVSSA,SAS,QQYYTLPPT,0.0912,0.3023,0.8766,0.5206,0.0059,0.2874
GFNIKDTY,IYPADGYT,ATLYGWGFYAMDY,QSVNTA,SAS,QQFYTTPPT,0.0912,0.4846,0.784,0.3574,0.0059,0.3671
GFNIKDTY,IYPTNGYT,ATTGGFSYYAMDY,QSVSTA,SAS,QQYYTTPPT,0.0912,0.3023,0.828,0.4025,0.0059,0.2565
GFNIKDTY,IYPTDGYT,ATEYGSGFFAMDY,QSVSTA,SAS,QQYYTLPPT,0.0912,0.3148,0.6658,0.4025,0.0059,0.2874
GFNIKDTY,IYPTNGYT,AREGGSDFYAMDY,QSVNTA,SAS,QQYYTTPPT,0.0912,0.3023,0.7087,0.3574,0.0059,0.2565
GFNIKDTY,IYPEDGYT,ATEGGSAFFAMDY,QSVNSA,SAS,QQFYTTPPT,0.0912,0.3844,0.7207,0.4755,0.0059,0.3671
GFNIKDTY,IYPTNGYT,ATWYGSYFFAMDY,QSVNTA,SAS,QQYYTFPPT,0.0912,0.3023,0.8032,0.3574,0.0059,0.2757
GFNIKDTY,IYPTDGYT,ATEYGSSFYAMDY,QSVNSA,SAS,QQYYTIPPT,0.0912,0.3148,0.513,0.4755,0.0059,0.3769
GFNIKDTY,IYPSNGYT,ATLYGWSYFAMDY,QSVNTA,SAS,QQYYTLPPT,0.0912,0.3713,0.9045,0.3574,0.0059,0.2874
GFNIKDTY,IYPEDGYT,AREYGTSFYAMDY,QSVNTA,SAS,QQYYTIPPT,0.0912,0.3844,0.5617,0.3574,0.0059,0.3769
GFNIKDTY,IYPTNGYT,AREYGTSFYAMDY,QSVYTA,SAS,QQYYTIPPT,0.0912,0.3023,0.5617,0.7362,0.0059,0.3769
GFNIKDTY,IYPEDGYT,ARTGGSGFYAMDY,QSVNSA,SAS,QQYYTIPPT,0.0912,0.3844,0.7005,0.4755,0.0059,0.3769
GFNIKDTY,IYPTNGYT,AREGGPSFYAMDY,QDVNSA,SAS,QQYYTLPPT,0.0912,0.3023,0.6584,0.6293,0.0059,0.2874
GFNIKDTY,IYPEDGYT,AREYGGYFYAMDY,QSVSSA,SAS,QQYYTFPPT,0.0912,0.3844,0.6018,0.5206,0.0059,0.2757
GFNIKDTY,IYPENGYT,ATTGGYYYYAMDY,QSVTTA,SAS,QQYYTWPPT,0.0912,0.3719,0.7867,0.6878,0.0059,0.4354
GFNIKDTY,IDPSNGYT,ATEYGSYFYAMDY,QSVNTA,SAS,QQYYTTPPT,0.0912,0.7123,0.5279,0.3574,0.0059,0.2565
GFNIKDTY,IYPTDGYT,AREGGYSFYAMDY,QSVSTA,SAS,QQYYTLPPT,0.0912,0.3148,0.6178,0.4025,0.0059,0.2874
GFNIKDTY,IYPENGYT,AREYGGSFFAMDY,QNVNTA,SAS,QQFYTLPPT,0.0912,0.3719,0.6919,0.6614,0.0059,0.398
GFNIKDTY,IYPENGYT,ATEYGSGFYAMDY,QSVNTA,SAS,QQYYTWPPT,0.0912,0.3719,0.5608,0.3574,0.0059,0.4354
GFNIKDTY,IYPEDGYT,AREYGDSFYAMDY,QSVSTA,SAS,QQYYTLPPT,0.0912,0.3844,0.601,0.4025,0.0059,0.2874
GFNIKDTT,IYPENGYT,ATEYGTYFYAMDY,QSVNTA,SAS,QQYYTLPPT,0.4274,0.3719,0.582,0.3574,0.0059,0.2874
GFNIKDTW,IYPSNGYT,ATELGDSFYAMDY,QSVNTA,SAS,QQYYTTPPT,0.2274,0.3713,0.6826,0.3574,0.0059,0.2565
GFNIKDTY,IYPSDGYT,ATRYGWYFYAMDY,QSVNTA,SAS,QQFNTTPPT,0.0912,0.3838,0.7384,0.3574,0.0059,0.5516
GFNIKDTY,IYPEDGYT,ATRGGWDFYAMDY,QSVNTA,SAS,QQYYTTPPT,0.0912,0.3844,0.9246,0.3574,0.0059,0.2565
GFNIKDTY,IYPTDGYT,ATEGGSSFYAMDY,QGVSTA,SAS,QQYYTLPPT,0.0912,0.3148,0.5729,0.5993,0.0059,0.2874
GFNIKSTY,IYPTNGYT,ATTYGNGFYAMDY,QSVNSA,SAS,QQYYTFPPT,0.4338,0.3023,0.7588,0.4755,0.0059,0.2757
GFNIKDTY,IYPTNGYT,ATLYGNAFYAMDY,QSVSTA,SAS,QQYYTLPPT,0.0912,0.3023,0.7588,0.4025,0.0059,0.2874
GFNIKDTY,IYPTDGYT,ATEGGTSFFAMDY,QSVNSA,SAS,QQYYTIPPT,0.0912,0.3148,0.7319,0.4755,0.0059,0.3769
GFNIKDTY,IYPTNGYT,AREGGSYYYAMDY,QNVSTA,SAS,QQYYTTPPT,0.0912,0.3023,0.6457,0.7065,0.0059,0.2565
GFNIKDTY,IYPTDGYT,ATLGGTAFYAMDY,QSVNSA,SAS,QQYYTFPPT,0.0912,0.3148,0.76,0.4755,0.0059,0.2757
GFNIKDTY,IYPTDGYT,ATHGGDGFYAMDY,QSVNTA,SAS,QQYYTTPPT,0.0912,0.3148,0.8618,0.3574,0.0059,0.2565
GFNIKDTY,IYPEDGYT,ATEYGSSFYAMDY,QSVNTA,SAS,QQYYTLPPT,0.0912,0.3844,0.513,0.3574,0.0059,0.2874
GFNIKDTY,IYPENGYT,ATEGGSGFFAMDY,QSVNTA,SAS,QQYYTFPPT,0.0912,0.3719,0.7256,0.3574,0.0059,0.2757
GFNIKDTY,IYPSNGYT,ATEYGSSFYAMDY,QSVNTA,SAS,QQFYTTPPT,0.0912,0.3713,0.513,0.3574,0.0059,0.3671
GFNIKDTY,IYPSNGYT,ATEYGSAYYAMDY,QDVNTA,SAS,QQYYTLPPT,0.0912,0.3713,0.6192,0.5112,0.0059,0.2874
GFNIKDTY,IYPRNGYT,ATEYGPGFYAMDY,QGVSTA,SAS,QQYYTTPPT,0.0912,0.5869,0.6517,0.5993,0.0059,0.2565
GFNIKDTW,IYPENGYT,ATEGGSSYYAMDY,QSVSTA,SAS,QQYNTTPPT,0.2274,0.3719,0.6362,0.4025,0.0059,0.441
GFNIKDTY,IYPSNGYT,ATEYGSAFYAMDY,QSVNTA,SAS,QQYYTFPPT,0.0912,0.3713,0.5558,0.3574,0.0059,0.2757
GFNIKDTY,VYPTDGYT,ATQYGSSFYAMDY,QSVNSA,SAS,QQYYTFPPT,0.0912,0.5229,0.6881,0.4755,0.0059,0.2757
GFNIKDTY,IYPTDGYT,AREGGSSFYAMDY,QDVNTA,SAS,QQYYTWPPT,0.0912,0.3148,0.5675,0.5112,0.0059,0.4354
GFNIKDTY,IYPRNGYT,AREGGSSFYAMDY,QSVYTA,SAS,QQYYTTPPT,0.0912,0.5869,0.5675,0.7362,0.0059,0.2565
GFNIKDTY,IYPSDGYT,ATLYGSAFFAMDY,QSVNTA,SAS,QQYYTFPPT,0.0912,0.3838,0.751,0.3574,0.0059,0.2757
GFNIKDTY,IYPSDGYT,ATEYGPYFYAMDY,QSVNSA,SAS,QQYYTIPPT,0.0912,0.3838,0.6188,0.4755,0.0059,0.3769
GFNIKDTY,IYPENGYT,ATEGGDGFYAMDY,QSVSSA,SAS,QQYYTTPPT,0.0912,0.3719,0.7141,0.5206,0.0059,0.2565
GFNIKDTY,IYPTDGYT,AREYGSAFYAMDY,QSVNSA,SAS,QQFYTTPPT,0.0912,0.3148,0.5504,0.4755,0.0059,0.3671
GFNIKDTY,IYPTDGYT,ATRYGSAFYAMDY,QSVNTA,SAS,QQYYTLPPT,0.0912,0.3148,0.6333,0.3574,0.0059,0.2874
GFNIKDTY,IYPENGYT,AREYGYAFYAMDY,QSVNTA,SAS,QQFYTLPPT,0.0912,0.3719,0.6008,0.3574,0.0059,0.398
GFNIKDTY,IYPENGYT,ATEGGSYFYAMDY,QSVNSA,SAS,QQYYTLPPT,0.0912,0.3719,0.5878,0.4755,0.0059,0.2874
GFNIKDTY,IYPEDGYT,ATEGGYYFFAMDY,QSVNTA,SAS,QQYYTTPPT,0.0912,0.3844,0.7431,0.3574,0.0059,0.2565
GFNIKDTY,IYPANGYT,ATEYGSAFYAMDY,QSVSTA,SAS,QQYYTLPPT,0.0912,0.472,0.5558,0.4025,0.0059,0.2874
GFNIKDTY,IYPSDGYT,ATDGGTAFYAMDY,QSVNTA,SAS,QQYYTIPPT,0.0912,0.3838,0.769,0.3574,0.0059,0.3769
GFNIKDTW,IYPTDGYT,ATEYGSAFYAMDY,QSVNTA,SAS,QQYYTLPPT,0.2274,0.3148,0.5558,0.3574,0.0059,0.2874
GFNIKDTY,IYPTDGYT,ATLYGSSFYAMDY,QSVNTA,SAS,QQYYTLPPT,0.0912,0.3148,0.6032,0.3574,0.0059,0.2874
GFNIKDTY,VYPEDGYT,ATLGGYAFYAMDY,QSVNSA,SAS,QQYYTTPPT,0.0912,0.5925,0.7563,0.4755,0.0059,0.2565
GFNIKDTY,IYPTDGYT,ATEYGTSFYAMDY,QSVNTA,SAS,QQFHTLPPT,0.0912,0.3148,0.5671,0.3574,0.0059,0.6445
GFNIKDTY,IYPEDGYT,ATEYGSSFFAMDY,QSVSSA,SAS,QQYYTYPPT,0.0912,0.3844,0.6179,0.5206,0.0059,0.5548
GFNIKDTY,VYPTDGYT,ATRYGSSWYAMDY,QGVNTA,SAS,QQFYTLPPT,0.0912,0.5229,0.7758,0.5541,0.0059,0.398
GFNIKDTY,IYPADGYT,ATEGGSAFYAMDY,QSVSTA,SAS,QQYYTFPPT,0.0912,0.4846,0.6157,0.4025,0.0059,0.2757
GFNIKDTY,IYPTDGYT,AREYGSYFYAMDY,QDVNTA,SAS,QQHYTTPPT,0.0912,0.3148,0.5225,0.5112,0.0059,0.4849
GFNIKDTY,IYPTNGYT,ATEYGTYFYAMDY,QSVTTA,SAS,QQYYTWPPT,0.0912,0.3023,0.582,0.6878,0.0059,0.4354
GFNIKDTY,IYPSDGYT,AREYGSSFYAMDY,QSVNTA,SAS,QQYYTIPPT,0.0912,0.3838,0.5076,0.3574,0.0059,0.3769
GFNIKDTY,IYPSNGYT,ATDYGSDYYAMDY,QSVSSA,SAS,QQYYTFPPT,0.0912,0.3713,0.8168,0.5206,0.0059,0.2757
GFNIKDTY,IYPENGYT,ATEYGSSFYAMDY,QSVNTA,SAS,QQYYTFPPT,0.0912,0.3719,0.513,0.3574,0.0059,0.2757
GFNIKDTY,IYPTNGYT,ATTGGRGFYAMDY,QSVNTA,SAS,QQYYTTPPT,0.0912,0.3023,0.7762,0.3574,0.0059,0.2565
GFNIKDTY,IYPEDGYT,TREGGDYFYAMDY,QSVNTA,SAS,QQYYTTPPT,0.0912,0.3844,0.8667,0.3574,0.0059,0.2565
GFNIKDTY,IYPTNGYT,AREYGTGFYAMDY,QSVSSA,SAS,QQYYTIPPT,0.0912,0.3023,0.6095,0.5206,0.0059,0.3769
GFNIKDTY,IYPSNGYT,ARRYGSWFYAMDY,QSVNSA,SAS,QQYNTLPPT,0.0912,0.3713,0.763,0.4755,0.0059,0.472
GFNIKDTW,IYPTNGYT,ATTYGTAYYAMDY,QSVNTA,SAS,QQYYTTPPT,0.2274,0.3023,0.7585,0.3574,0.0059,0.2565
GFNIKDTY,VYPSNGYT,ATEGGSAFYAMDY,QGVNTA,SAS,QQYYTTPPT,0.0912,0.5794,0.6157,0.5541,0.0059,0.2565
GFNIKDTY,IYPRNGYT,ARRYGYSFYAMDY,QSVNSA,SAS,QQYYTTPPT,0.0912,0.5869,0.6353,0.4755,0.0059,0.2565
GFNIKDTY,VYPTNGNT,ATEGGFSFYAMDY,QSVNTA,SAS,QQYNTFPPT,0.0912,0.9812,0.6794,0.3574,0.0059,0.4602
GFNIKDTY,IYPENGYT,ATEGGSSFYAMDY,QSVNTA,SAS,QQYYTTPPT,0.0912,0.3719,0.5729,0.3574,0.0059,0.2565
GFNIKDTY,IYPEDGYT,ATEGGTSFYAMDY,QSVNTA,SAS,QQYYTTPPT,0.0912,0.3844,0.627,0.3574,0.0059,0.2565
GFNIKDTY,IYPEDGYT,ARYYGYSFYAMDY,QSVNTA,SAS,QQYYTTPPT,0.0912,0.3844,0.6804,0.3574,0.0059,0.2565
GFNIKDTY,IYPTDGYT,ATEYGDSFYAMDY,QSVNSA,SAS,QQYNTLPPT,0.0912,0.3148,0.6064,0.4755,0.0059,0.472
GFNIKDTY,IYPSNGYT,ATEYGSGFFAMDY,QSVNTA,SAS,QQFYTFPPT,0.0912,0.3713,0.6658,0.3574,0.0059,0.3863
GFNIKDTY,VYPSDGYT,AREYGSDFYAMDY,QSVSSA,SAS,QQFYTFPPT,0.0912,0.5919,0.6488,0.5206,0.0059,0.3863
GFNIKDTY,IYPTDGYT,ATEGGTSFYAMDY,QSVSTA,SAS,QQFYTFPPT,0.0912,0.3148,0.627,0.4025,0.0059,0.3863
GFNIKDTY,IYPTNGYT,ATQYGSYFYAMDY,QSVNTA,SAS,QQYHTFPPT,0.0912,0.3023,0.703,0.3574,0.0059,0.5222
GFNIKDTY,IYPEDGYT,AREGGSYFYAMDY,QSVSSA,SAS,QQYYTTPPT,0.0912,0.3844,0.5824,0.5206,0.0059,0.2565
GFNIKDTY,IYPEDGYT,ATEYGRAFYAMDY,QDVSTA,SAS,QQYYTFPPT,0.0912,0.3844,0.6261,0.5564,0.0059,0.2757
GFNIKDTY,IYPSDGYT,ATRYGSSYFAMDY,QDVNSA,SAS,QQYYTLPPT,0.0912,0.3838,0.7587,0.6293,0.0059,0.2874
GFNIKDTY,IYPEDGYT,ATTYGSSYFAMDY,QDVNTA,SAS,QQYYTLPPT,0.0912,0.3844,0.7665,0.5112,0.0059,0.2874
GFNIKDTY,IYPENGYT,AREYGSSYYAMDY,QDVNTA,SAS,QQYYTFPPT,0.0912,0.3719,0.5709,0.5112,0.0059,0.2757
GFNIKDTY,IYPRDGYT,AREGGGGFYAMDY,QGVNTA,SAS,QQHYTTPPT,0.0912,0.5995,0.6946,0.5541,0.0059,0.4849
GFNIKDTY,IYPTDGYT,ATEGGFSFYAMDY,QGVNTA,SAS,QQYYSTPPT,0.0912,0.3148,0.6794,0.5541,0.0059,0.4719
GFNIKDTY,IYPEDGYT,ATLYGSYFYAMDY,QSVNTA,SAS,QQFYTIPPT,0.0912,0.3844,0.6181,0.3574,0.0059,0.4875
GFNIKDTW,IYPYNGYT,ATEGGFGYYAMDY,QGVNTA,SAS,QQYYTTPPT,0.2274,0.6979,0.7905,0.5541,0.0059,0.2565
GFNIKDTY,VYPTNGYT,ATEYGSYFYAMDY,QTVNSA,SAS,QQYYTTPPT,0.0912,0.5104,0.5279,0.8478,0.0059,0.2565
GFNIKDTY,VYPTNGYT,ATDYGSYFYAMDY,QDVNSA,SAS,QQYYTFPPT,0.0912,0.5104,0.6271,0.6293,0.0059,0.2757
GFNIKDTY,IYPTNGYT,AREYGSAYYAMDY,QDVSTA,SAS,QQYYTLPPT,0.0912,0.3023,0.6138,0.5564,0.0059,0.2874
GFNIKDTY,IYPSDGYT,AREYGSDFFAMDY,QSVSTA,SAS,QQYYTTPPT,0.0912,0.3838,0.7538,0.4025,0.0059,0.2565
GFNIKNTY,IYPTDGYT,ATTSGSYYYAMDY,QSVNTA,SAS,QQYYTFPPT,0.5643,0.3148,0.8841,0.3574,0.0059,0.2757
GFNIKDTY,IYPENGYT,AREYGDSYFAMDY,QSVNTA,SAS,QQFYTIPPT,0.0912,0.3719,0.7693,0.3574,0.0059,0.4875
GFNIKDTY,VYPEDGYT,AREYGYSFYAMDY,QSVNTA,SAS,QQYYTFPPT,0.0912,0.5925,0.5579,0.3574,0.0059,0.2757
GFNIKDTY,IYPSNGYT,ATTYGNAFYAMDY,QGVNTA,SAS,QQYYTFPPT,0.0912,0.3713,0.7538,0.5541,0.0059,0.2757
GFNIKDTY,IYPEDGYT,ATRGGGAYYAMDY,QSVSSA,SAS,QQYHTLPPT,0.0912,0.3844,0.8359,0.5206,0.0059,0.5339
GFNIKDTY,IYPEDGYT,ATLLGTGYYAMDY,QSVSTA,SAS,QQYYTTPPT,0.0912,0.3844,0.8446,0.4025,0.0059,0.2565
GFNIKDTY,IYPEDGYT,AREYGSGFYAMDY,QSVNTA,SAS,QQYYTTPPT,0.0912,0.3844,0.5554,0.3574,0.0059,0.2565
GFNIKDTW,IYPENGYT,ARQYGTYFYAMDY,QDVNSA,SAS,QQYYTTPPT,0.2274,0.3719,0.7517,0.6293,0.0059,0.2565
GFNIKDTY,IYPEDGYT,ATELGDGFYAMDY,QSVNTA,SAS,QQFHTTPPT,0.0912,0.3844,0.7304,0.3574,0.0059,0.6136
GFNIKDTY,IYPEDGYT,ARRGGRFYFAMDY,QGVSTA,SAS,QQYYTTPPT,0.0912,0.3844,1.0555,0.5993,0.0059,0.2565
GFNIKDTY,IYPEDGYT,ATTYGMYFYAMDY,QSVNSA,SAS,QQYYTFPPT,0.0912,0.3844,0.7948,0.4755,0.0059,0.2757
GFNIKDTY,IYPTNGYT,ATTLGGYFYAMDY,QSVNTA,SAS,QQFYTTPPT,0.0912,0.3023,0.7687,0.3574,0.0059,0.3671
GFNIKDTY,IYPTNGYT,ATLYGTSFYAMDY,QSVNTA,SAS,QQFYTLPPT,0.0912,0.3023,0.6573,0.3574,0.0059,0.398
GFNIKDTY,IYPADGYT,ATEYGYSYFAMDY,QSVNTA,SAS,QQYYTTPPT,0.0912,0.4846,0.7316,0.3574,0.0059,0.2565
GFNIKDTY,IYPANGYT,ATTGGRYFYAMDY,QDVNTA,SAS,QQYYTVPPT,0.0912,0.472,0.7433,0.5112,0.0059,0.453
GFNIKDTY,IYPTNGYT,ARAYGSGFFAMDY,QSVSTA,SAS,QQYNTTPPT,0.0912,0.3023,0.9287,0.4025,0.0059,0.441
GFNIKDTY,IYPSDGYT,ATLYGYYFYAMDY,QSVNTA,SAS,QQYYTTPPT,0.0912,0.3838,0.6684,0.3574,0.0059,0.2565
GFNIKDTY,IYPANGYT,AREYGSAFYAMDY,QSVNTA,SAS,QQYYTLPPT,0.0912,0.472,0.5504,0.3574,0.0059,0.2874
GFNIKDTY,IYPTNGYT,ATEYGSSFYAMDY,QDVNTA,SAS,QQYYTLPPT,0.0912,0.3023,0.513,0.5112,0.0059,0.2874
GFNIKDTY,IYPSDGYT,ATEGGSSFFAMDY,QSVNTA,SAS,QQYYTTPPT,0.0912,0.3838,0.6778,0.3574,0.0059,0.2565
GFNIKDTY,IYPTNGYT,ATEYGRYFYAMDY,QDVSSA,SAS,QQYYTTPPT,0.0912,0.3023,0.5981,0.6745,0.0059,0.2565
GFNIKDTY,IYPTNGYT,ATRYGSSFYAMDY,QGVNTA,SAS,QQYYSFPPT,0.0912,0.3023,0.5904,0.5541,0.0059,0.4911
GFNIKDTW,IYPEDGYT,AREGGPSFYAMDY,QSVNTA,SAS,QQFYTTPPT,0.2274,0.3844,0.6584,0.3574,0.0059,0.3671
GFNIKDTY,IYPENGYT,AREYGSSFYAMDY,QSVNTA,SAS,QQFYTFPPT,0.0912,0.3719,0.5076,0.3574,0.0059,0.3863
GFNIKDTW,IYPTNGYT,ARELGRSFYAMDY,QGVNSA,SAS,QQYYTTPPT,0.2274,0.3023,0.654,0.6722,0.0059,0.2565
GFNIKDTY,IYPTNGYT,ATEGGFSFYAMDY,QSVSTA,SAS,QQYYTFPPT,0.0912,0.3023,0.6794,0.4025,0.0059,0.2757
GFNIKDTY,IYPTNGYT,ATDLGSSFYAMDY,QGVSSA,SAS,QQYYTTPPT,0.0912,0.3023,0.6883,0.7174,0.0059,0.2565
GFNIKDTY,IYPSNGYT,AREYGSYFYAMDY,QDVNTA,SAS,QQYYTLPPT,0.0912,0.3713,0.5225,0.5112,0.0059,0.2874
GFNIKDTY,IYPSDGYT,ATEYGTYFYAMDY,QGVNTA,SAS,QQYYTFPPT,0.0912,0.3838,0.582,0.5541,0.0059,0.2757
GFNIKDTY,IYPEDGYT,ARTYGTSFYAMDY,QSVNVA,SAS,QQYYTTPPT,0.0912,0.3844,0.6469,0.7929,0.0059,0.2565
GFNIKDTY,IYPEDGYT,ATEGGSSFYAMDY,QDVSTA,SAS,QQYYTTPPT,0.0912,0.3844,0.5729,0.5564,0.0059,0.2565
GFNIKDTY,IYPEDGYT,ATEGGLYFYAMDY,QSVNTA,SAS,QQFYTTPPT,0.0912,0.3844,0.7096,0.3574,0.0059,0.3671
GFNIKDTY,IYPTDGYT,ARTYGRYFYAMDY,QSVNTA,SAS,QQYYTTPPT,0.0912,0.3148,0.678,0.3574,0.0059,0.2565
GFNIKDTY,IYPRDGYT,ATTYGSFYYAMDY,QSVNTA,SAS,QQYYTLPPT,0.0912,0.5995,0.8336,0.3574,0.0059,0.2874
GFNIKDTY,VYPTDGYT,ATTLGASFYAMDY,QSVNTA,SAS,QQYYTTPPT,0.0912,0.5229,0.8056,0.3574,0.0059,0.2565
GFNIKDTY,VYPEDGYT,TTEYGGAYYAMDY,QNVNTA,SAS,QQFYTTPPT,0.0912,0.5925,0.8894,0.6614,0.0059,0.3671
GFNIKDTY,IYPEDGYT,ATEYGSYFYAMDY,QDVNTA,SAS,QQYYTFPPT,0.0912,0.3844,0.5279,0.5112,0.0059,0.2757
GFNIKDTY,IYPSDGYT,ATTYGYYFYAMDY,QDVSTA,SAS,QQYYTFPPT,0.0912,0.3838,0.6635,0.5564,0.0059,0.2757
GFNIKDTY,IYPSNGYT,ATEYGLYFYAMDY,QSVNSA,SAS,QQYNTTPPT,0.0912,0.3713,0.6497,0.4755,0.0059,0.441
GFNIKDTY,IYPENGYT,ATEYGSAFYAMDY,QNVSTA,SAS,QQFYTTPPT,0.0912,0.3719,0.5558,0.7065,0.0059,0.3671
GFNIKDTY,IYPEDGYT,ARTYGYYFYAMDY,QDVNTA,SAS,QQFYTTPPT,0.0912,0.3844,0.6581,0.5112,0.0059,0.3671
GFNIKDTY,VYPENGYT,ATDYGRSFYAMDY,QDVNTA,SAS,QQYYTTPPT,0.0912,0.58,0.6824,0.5112,0.0059,0.2565
GFNIKDTY,IYPSNGYT,ATEYGDSFYAMDY,QDVNTA,SAS,QQYYTTPPT,0.0912,0.3713,0.6064,0.5112,0.0059,0.2565
GFNIKDTY,IYPSDGYT,ATELGSYFYAMDY,QSVNTA,SAS,QQYYTFPPT,0.0912,0.3838,0.6041,0.3574,0.0059,0.2757
GFNIKDTY,IYPSNGYT,AREYGYWYYAMDY,QDVNTA,SAS,QQFYTIPPT,0.0912,0.3713,0.7992,0.5112,0.0059,0.4875
GFNIKDTY,IYPENGYT,ATEYGTYYYAMDY,QSVNNA,SAS,QQYYTLPPT,0.0912,0.3719,0.6453,0.8846,0.0059,0.2874
GFNIKDTY,IYPTDGYT,ATEGGAAFFAMDY,QSVSTA,SAS,QQYYTTPPT,0.0912,0.3148,0.8519,0.4025,0.0059,0.2565
GFNIKDTY,VYPEDGYT,ARRYGSYFYAMDY,QDVSIA,SAS,QQYYTLPPT,0.0912,0.5925,0.5999,1.0614,0.0059,0.2874
GFNIKDTY,IYPEDGYT,ATEYGSYFYAMDY,QDVNTA,SAS,QQYYTTPPT,0.0912,0.3844,0.5279,0.5112,0.0059,0.2565
GFNIKDTY,IYPSNGYT,ATDLGSYWYAMDY,QSVNTA,SAS,QQYYTTPPT,0.0912,0.3713,0.8886,0.3574,0.0059,0.2565
GFNIKDTY,IYPSDGYT,ATEYGRYFYAMDY,QSVSSA,SAS,QQFYTIPPT,0.0912,0.3838,0.5981,0.5206,0.0059,0.4875
GFNIKDTY,IYPSDGYT,ARFYGYHFYAMDY,QGVSSA,SAS,QQYYTLPPT,0.0912,0.3838,0.95,0.7174,0.0059,0.2874
GFNIKDSY,IYPTDGYT,AREYGSSFYAMDY,QDVSSA,SAS,QQYYTTPPT,0.5585,0.3148,0.5076,0.6745,0.0059,0.2565
GFNIKDTY,IYPEDGYT,ARTLGSSFYAMDY,QSVNTA,SAS,QQYYTLPPT,0.0912,0.3844,0.669,0.3574,0.0059,0.2874
GFNIKDTY,IYPENGYT,ATEYGSGFFAMDY,QSVSSA,SAS,QQYYTLPPT,0.0912,0.3719,0.6658,0.5206,0.0059,0.2874
GFNIKDTY,IYPEDGYT,AREYGSYYYAMDY,QSVNTA,SAS,QQYYTLPPT,0.0912,0.3844,0.5858,0.3574,0.0059,0.2874
GFNIKDTW,IYPADGYT,AREGGGYFYAMDY,QDVSSA,SAS,QQYYTFPPT,0.2274,0.4846,0.6617,0.6745,0.0059,0.2757
GFNIKDTY,IYPTNGYT,ATLYGTAFFAMDY,QSVNTA,SAS,QQFYTLPPT,0.0912,0.3023,0.8051,0.3574,0.0059,0.398
GFNIKDTY,IYPTDGYT,ATRYGASFYAMDY,QGVNTA,SAS,QQFYTFPPT,0.0912,0.3148,0.7216,0.5541,0.0059,0.3863
GFNIKDTY,IYPTNGLT,ATRYGFAYYAMDY,QSVNSA,SAS,QQFYTTPPT,0.0912,0.8653,0.8031,0.4755,0.0059,0.3671
GFNIKDTY,VYPTNGYT,AREYGRSFYAMDY,QSVSSA,SAS,QQYYTTPPT,0.0912,0.5104,0.5778,0.5206,0.0059,0.2565
GFNIKDTY,IYPEDGYT,AREYGTYFYAMDY,QSVNTA,SAS,QQYYTTPPT,0.0912,0.3844,0.5766,0.3574,0.0059,0.2565
GFNIKDTY,IYPEDGYT,AREYGSAYFAMDY,QSVNTA,SAS,QQYHTLPPT,0.0912,0.3844,0.7188,0.3574,0.0059,0.5339
GFNIKDTY,IYPSNGYT,AREYGYSFYAMDY,QDVSTA,SAS,QQFYTTPPT,0.0912,0.3713,0.5579,0.5564,0.0059,0.3671
GFNIKDTW,IYPTDGYT,ARRYGAYFYAMDY,QDVSTA,SAS,QQYYTIPPT,0.2274,0.3148,0.7312,0.5564,0.0059,0.3769
GFNIKDTY,IYPENGYT,ATEYGSAFYAMDY,QSVSSA,SAS,QQYYTTPPT,0.0912,0.3719,0.5558,0.5206,0.0059,0.2565
GFNIKDTW,IYPGDGYT,ATEYGSYFYAMDY,QSVNSA,SAS,QQHYTTPPT,0.2274,0.6048,0.5279,0.4755,0.0059,0.4849
GFNIKDTY,IYPTNGYT,ATEYGSYFYAMDY,QDVSTA,SAS,QQYYTFPPT,0.0912,0.3023,0.5279,0.5564,0.0059,0.2757
GFNIKDTY,IYPSNGYT,ARHLGYGFYAMDY,QSVSTA,SAS,QQYYTFPPT,0.0912,0.3713,0.8295,0.4025,0.0059,0.2757
GFNIKDTY,IYPTDGYT,ARELGSAFYAMDY,QDVNTA,SAS,QQYYTTPPT,0.0912,0.3148,0.6266,0.5112,0.0059,0.2565
GFNIKDTY,IYPTNGYT,ARHYGTYYFAMDY,QSVNSA,SAS,QQYYTLPPT,0.0912,0.3023,0.8925,0.4755,0.0059,0.2874
GFNIKDTY,IYPSDGYT,ARTYGRSFYAMDY,QSVNTA,SAS,QQFNTFPPT,0.0912,0.3838,0.6631,0.3574,0.0059,0.5708
GFNIKDTY,IYPRNGYT,ATLGGGSFYAMDY,QSVNTA,SAS,QQYYTLPPT,0.0912,0.5869,0.7424,0.3574,0.0059,0.2874
GFNIKDTY,VYPENGYT,ARTLGLSFYAMDY,QGVNTA,SAS,QQFYTWPPT,0.0912,0.58,0.7908,0.5541,0.0059,0.546
GFNIKDTY,IYPGNGYT,ATRLGLYFYAMDY,QSVNTA,SAS,QQYYTLPPT,0.0912,0.5922,0.8033,0.3574,0.0059,0.2874
GFNIKDTY,IYPTNGYT,ATEYGGSFYAMDY,QTVSSA,SAS,QQYYTLPPT,0.0912,0.3023,0.5923,0.8929,0.0059,0.2874
GFNIKDTY,IYPTNGNT,AREYGSAYYAMDY,QDVSTA,SAS,QQYYTTPPT,0.0912,0.7732,0.6138,0.5564,0.0059,0.2565
GFNIKDTY,IYPTNGYT,ATEYGSSYYAMDY,QSVSTA,SAS,QQYYTTPPT,0.0912,0.3023,0.5763,0.4025,0.0059,0.2565
GFNIKDTY,IYPEDGYT,ARRYGWAFYAMDY,QGVNTA,SAS,QQFYTFPPT,0.0912,0.3844,0.7609,0.5541,0.0059,0.3863
GFNIKDTY,IYPANGYT,ATEGGTSFYAMDY,QSVNTA,SAS,QQYYTFPPT,0.0912,0.472,0.627,0.3574,0.0059,0.2757
GFNIKDTY,IYPTNGYT,ATRYGTGYYAMDY,QGVNTA,SAS,QQYYTTPPT,0.0912,0.3023,0.7557,0.5541,0.0059,0.2565
GFNIKDTY,IYPANGYT,AREYGASFYAMDY,QGVNTA,SAS,QQYYTFPPT,0.0912,0.472,0.6388,0.5541,0.0059,0.2757
GFNIKDTY,IYPENGYT,AREYGASFYAMDY,QSVNTA,SAS,QQYYTTPPT,0.0912,0.3719,0.6388,0.3574,0.0059,0.2565
GFNIKDTY,IYPENGYT,ARQGGQGFYAMDY,QGVTTA,SAS,QQFYTTPPT,0.0912,0.3719,0.9596,0.8845,0.0059,0.3671
GFNIKDTY,IYPTRGYT,ATTYGRYFYAMDY,QDVSSA,SAS,QQFYTFPPT,0.0912,0.8436,0.6834,0.6745,0.0059,0.3863
GFNIKDTY,IYPENGYT,AREYGLSFFAMDY,QSVSTA,SAS,QQYYTFPPT,0.0912,0.3719,0.7343,0.4025,0.0059,0.2757
GFNIKDTY,IYPENGYT,AREYGYGFYAMDY,QDVNTA,SAS,QQYYSTPPT,0.0912,0.3719,0.6057,0.5112,0.0059,0.4719
GFNIKDTW,IYPEDGYT,ATTYGDYFYAMDY,QSVNTA,SAS,QQYYTIPPT,0.2274,0.3844,0.7066,0.3574,0.0059,0.3769
GFNIKDTY,VYPEDGNT,ATEYGYSYYAMDY,QSVSTA,SAS,QQFYTTPPT,0.0912,1.0634,0.6267,0.4025,0.0059,0.3671
